DistrictID,Rate,Prdcan100,Roadensity,Popden,Income_median,Green_Buffer_Score,Road_Density_Group_High Road Density,Road_Density_Group_Low Road Density,Rate_scaled,Prdcan100_scaled,Roadensity_scaled,Popden_scaled,Income_median_scaled,Green_Buffer_Score_scaled
1,2.96,26.52,1.449,252.39,65139,10.828909759085342,True,False,-0.5002193674906485,0.740853116686763,0.788500973535717,-0.2013970849181315,0.16541658135579487,0.05773989765678555
2,9.79,0.0,0.176,54.77,50395,0.0,False,True,0.3793528631693742,-0.6739586329518585,-0.5280843476759671,-0.4085609054546544,-0.40445934043273213,-0.6295203526522352
3,0.0,10.14,0.09,7.34,75903,9.302752293577981,False,True,-0.8814102610124154,-0.13300119926650322,-0.6170288391325301,-0.45828148033597854,0.5814600174743315,-0.03911817809507676
4,2.34,0.06,0.298,325.11,48597,0.046224961479198766,True,False,-0.5800634059985862,-0.6707577013915902,-0.4019072784003776,-0.12516515986289442,-0.4739545186323911,-0.626586670563873
5,0.0,0.0,0.174,4.01,19375,0.0,False,True,-0.8814102610124154,-0.6739586329518585,-0.5301528242214686,-0.4617722986862802,-1.6034250955792395,-0.6295203526522352
6,4.01,0.59,0.284,66.04,77803,0.4595015576323987,True,False,-0.364999624856238,-0.6424828059425529,-0.41638661421888784,-0.39674663434117086,0.6548976362615129,-0.600357938102527
7,9.08,1.29,0.725,864.73,83921,0.7478260869565218,True,False,0.28791856100705865,-0.6051386044060885,0.039712464064185694,0.4405151398938027,0.8913667687562367,-0.5820593288609753
8,5.36,0.32,0.306,181.88,28833,0.2450229709035222,True,False,-0.19114567004056723,-0.6568869979637606,-0.3936333722183717,-0.275312280677823,-1.2378603595323128,-0.6139698907811005
9,0.0,47.05,0.248,6.07,55694,37.70032051282051,False,True,-0.8814102610124154,1.836105198891925,-0.45361919203791423,-0.4596128134605681,-0.19964568677311434,1.763142647483413
10,8.81,11.22,0.994,827.17,57749,5.626880641925777,True,False,0.2531477700439245,-0.07538443118167248,0.31792255943413306,0.4011412248075168,-0.12021710434803139,-0.2724085579783152
11,0.0,0.53,0.28,6.94,30795,0.4140625,False,True,-0.8814102610124154,-0.6456837375028213,-0.42052356730989077,-0.4587007978555343,-1.1620263552899708,-0.6032417425497889
12,0.0,0.0,0.782,25.47,42500,0.0,True,False,-0.8814102610124154,-0.6739586329518585,0.09866404561097757,-0.4392759137621138,-0.709611972182625,-0.6295203526522352
13,0.0,0.0,0.238,21.55,48250,0.0,False,True,-0.8814102610124154,-0.6739586329518585,-0.4639615747654216,-0.4433852254537602,-0.4873665469056289,-0.6295203526522352
14,11.92,0.18,3.756,3539.93,51401,0.03784693019343986,True,False,0.6536557696563214,-0.6643558382710535,3.174488668771659,3.244910710682721,-0.36557605385383507,-0.6271183850214357
15,7.5,1.82,0.157,65.05,35502,1.5730337078651686,False,True,0.08444504351908848,-0.5768637089570512,-0.547734874858231,-0.39778444520207135,-0.9800943175893064,-0.5296872610610042
16,8.13,15.95,0.931,220.62,29581,8.259968928016571,True,False,0.1655768890997349,0.17695567348615096,0.2527655482508369,-0.23470137890884765,-1.2089491285571488,-0.10529876070013032
17,7.38,0.6,0.172,13.71,84592,0.5119453924914676,False,True,0.0689913586465844,-0.6419493173491748,-0.53222130076697,-0.45160384883705307,0.9173018436016044,-0.5970295732094527
18,4.98,25.05,0.069,8.15,50407,23.433115060804493,False,True,-0.24008233880349675,0.6624302934601879,-0.6387478428602956,-0.45743236235887813,-0.40399552389302357,0.8576698521324106
19,12.44,0.01,0.448,43.99,44339,0.006906077348066299,True,False,0.7206217374371723,-0.6734251443584806,-0.2467715374877675,-0.4198615126066821,-0.6385320874722953,-0.6290820562260503
20,2.63,0.42,0.029,18.64,32738,0.40816326530612246,False,True,-0.5427170008900347,-0.65155211202998,-0.6801173737703249,-0.44643576040852834,-1.0869267272355008,-0.6036161393822074
21,4.65,0.17,0.491,269.27,43395,0.11401743796109994,True,False,-0.28257997220288295,-0.6648893268644315,-0.20229929175948597,-0.18370188559287845,-0.6750189885960317,-0.6222841991800911
22,9.19,26.14,0.426,210.46,55496,18.330995792426368,True,False,0.3020844388068539,0.7205805501383966,-0.2695247794882837,-0.24535204390556395,-0.2072986596783048,0.533862207272306
23,4.67,0.25,0.784,459.95,36120,0.14013452914798205,True,False,-0.28000435805746565,-0.660621418117407,0.10073252215647904,0.01618677597935201,-0.956207765794318,-0.6206266695648517
24,9.9,4.29,0.309,81.76,113625,3.2773109243697482,True,False,0.3935187409691697,-0.44509202639266976,-0.3905306574001195,-0.3802674558226295,2.039467310048044,-0.421524757866423
25,0.0,1.83,0.258,13.4,65250,1.4546899841017489,False,True,-0.8814102610124154,-0.5763302203636731,-0.4432768093104069,-0.4519288199147088,0.1697068843480986,-0.5371979836568694
26,0.0,21.5,0.268,11.3,43750,16.95583596214511,False,True,-0.8814102610124154,0.47304184281097567,-0.43293442658289955,-0.4541302368923765,-0.6612977492963215,0.44658724513855236
27,0.0,0.17,0.59,50.9,66250,0.10691823899371071,True,False,-0.8814102610124154,-0.6648893268644315,-0.09990970275716336,-0.4126178024563564,0.2083582626571414,-0.6227347521321304
28,10.43,51.39,0.109,17.94,49504,46.339044183949504,False,True,0.46177251582272927,2.067639248418004,-0.5973783119502662,-0.44716956606775093,-0.4388977185060892,2.3114020313599344
29,3.68,1.53,1.742,1402.56,91875,0.5579868708971554,True,False,-0.4074972582556241,-0.5923348781650151,1.0915327874516818,1.0043189937504877,1.198799831826363,-0.5941075359335264
30,3.31,0.09,0.857,207.11,30964,0.048465266558966075,True,False,-0.455146119945845,-0.669157235611456,0.17623191606728256,-0.24886382813184343,-1.1554942723557426,-0.6264444888794614
31,0.0,18.59,0.118,16.3,51287,16.62790697674419,False,True,-0.8814102610124154,0.3177966621379595,-0.5880701674955097,-0.44888876789792953,-0.36998231098106593,0.4257751263191916
32,12.82,61.05,0.031,39.82,57177,59.214354995150345,False,True,0.7695584062001019,2.5829892296212127,-0.6780488972248234,-0.4242328977480509,-0.14232569274080387,3.1285377844294775
33,8.39,1.24,0.953,370.75,52865,0.634920634920635,True,False,0.19905987299016034,-0.6078060473729788,0.27551879025135295,-0.0773210308815823,-0.3089904360093964,-0.5892249097877474
34,21.09,14.66,1.101,1289.83,102348,6.977629700142789,True,False,1.8345748553301733,0.10813564494038096,0.42858605461846155,0.8861448338016857,1.6035957168569683,-0.18668283336637534
35,0.0,0.3,0.136,0.35,48438,0.2640845070422535,False,True,-0.8814102610124154,-0.6579539751505167,-0.5694538785859964,-0.4656090539902154,-0.48010008778352886,-0.61276014424249
36,0.0,6.56,0.209,5.9,68140,5.4259718775847805,False,True,-0.8814102610124154,-0.3239901156958496,-0.4939544846751929,-0.4597910234063793,0.2814093676612323,-0.2851592975026172
37,6.15,18.48,0.43,204.67,68605,12.923076923076923,True,False,-0.08940891129658217,0.3119282876108008,-0.2653878263972807,-0.25142166500113355,0.29938225857493717,0.19064689211264765
38,12.84,1.21,2.278,2255.18,89186,0.36912751677852346,True,False,0.7721340203455191,-0.6094065131531131,1.6458845016460752,1.8981152525595661,1.094866275553347,-0.6060935557519919
39,0.0,50.69,0.018,0.27,94583,49.79371316306483,False,True,-0.8814102610124154,2.0302950468815397,-0.6914939947705829,-0.4656929174941266,1.303467764287251,2.530653712290199
40,0.0,57.37,0.122,2.3,47292,51.1319073083779,False,True,-0.8814102610124154,2.3866654272580856,-0.5839332144045067,-0.4635648810823811,-0.5243945673256919,2.6155826353055853
41,0.0,2.45,0.211,6.46,46958,2.023121387283237,False,True,-0.8814102610124154,-0.5432539275742332,-0.4918860081296914,-0.4592039788790012,-0.5373041276809122,-0.5011223013282531
42,3.79,0.58,0.05,4.68,46199,0.5523809523809523,False,True,-0.3933313804558287,-0.6430162945359309,-0.6583983700425595,-0.46106994184102434,-0.5666405238174756,-0.5944633173601308
43,0.0,2.85,0.036,0.16,46875,2.750965250965251,False,True,-0.8814102610124154,-0.5219143838391108,-0.6728777058610698,-0.46580822981200437,-0.5405121920805628,-0.45492945578160804
44,0.0,45.47,0.122,9.53,42325,40.525846702317295,False,True,-0.8814102610124154,1.7518140011381913,-0.5839332144045067,-0.45598571691641077,-0.7163759633867075,1.9424655783647091
45,0.0,6.64,0.142,0.72,72250,5.814360770577934,False,True,-0.8814102610124154,-0.31972220694882514,-0.563248448949492,-0.4652211852846263,0.4402665325113982,-0.26051007114889574
46,10.36,7.02,0.053,1.26,66250,6.666666666666667,False,True,0.4527578663137685,-0.29944964040045874,-0.6552956552243072,-0.46465510663322607,0.2083582626571414,-0.20641820257511306
47,56.07,57.94,0.151,8.03,52708,50.3388357949609,False,True,6.339323995665107,2.4170742770806353,-0.5539403044947354,-0.4575581576147449,-0.31505870240391615,2.5652500959318374
48,0.0,,0.0,1.76,41875,,False,True,-0.8814102610124154,,-0.7101102836800962,-0.4641309597337814,-0.7337690836257768,
49,0.0,43.17,0.342,16.57,69591,32.168405365126674,True,False,-0.8814102610124154,1.6291116246612372,-0.35640079439934524,-0.4486057285722294,0.33749251758765336,1.4120578685283935
50,29.13,68.2,0.41,40.66,87550,48.36879432624114,True,False,2.8699717417879453,2.9644335738865273,-0.28607259185229544,-0.42335233095698377,1.031632620639753,2.4402207787583743
51,11.4,1.65,0.522,79.88,77695,1.0840998685939554,True,False,0.5866898018754705,-0.5859330150444783,-0.1702379053042132,-0.3822382481645416,0.6507232874041362,-0.5607176048571709
52,0.0,2.78,0.214,0.77,82829,2.2899505766062602,False,True,-0.8814102610124154,-0.5256488039927573,-0.4887832933114392,-0.46516877059468187,0.849159463642762,-0.484187900772367
53,2.7,0.02,0.318,98.04,35794,0.015174506828528072,True,False,-0.5337023513810739,-0.6728916557651025,-0.3812225129453629,-0.36320123277671007,-0.968808115123066,-0.6285572976824086
54,8.93,1.55,0.719,340.76,89169,0.9016870273414777,True,False,0.2686014549164285,-0.5912679009782589,0.03350703442768129,-0.10875936191027537,1.0942092021220933,-0.572294494657511
55,41.67,59.3,0.088,0.69,33650,54.50367647058823,False,True,4.4848818109646205,2.4896287257800513,-0.6190973156780317,-0.465252634098593,-1.0516766702176537,2.829573052619824
56,3.41,0.09,0.406,70.31,52708,0.06401137980085347,True,False,-0.44226804921875823,-0.669157235611456,-0.2902095449432983,-0.3922704198199131,-0.31505870240391615,-0.6254578497887636
57,2.65,11.92,1.336,550.78,84247,5.102739726027397,True,False,-0.5401413867446173,-0.03804022964520816,0.6716320487148841,0.11140330173247603,0.9039671180849846,-0.3056733302473147
58,10.6,0.19,0.303,25.98,66149,0.14581734458940906,True,False,0.4836652360587767,-0.6638223496776754,-0.3967360870366239,-0.43874128392468015,0.20445447344792808,-0.6202660078500879
59,0.0,8.38,0.312,10.12,84844,6.38719512195122,True,False,-0.8814102610124154,-0.22689519170104222,-0.3874279425818673,-0.455367223575066,0.9270419909354831,-0.2241549542932851
60,5.99,12.74,0.567,238.82,94776,8.13018506700702,True,False,-0.11001382445992093,0.0057058350117929766,-0.12369718303043026,-0.21562243176906062,1.3109274803008961,-0.11353553529589805
61,14.64,5.31,0.25,28.91,74403,4.247999999999999,False,True,1.0039392934330802,-0.3906761898681074,-0.45155071549241277,-0.43566978309393417,0.5234829500107673,-0.35991966262309305
62,9.89,0.41,4.883,2564.68,56909,0.06969233384327723,True,False,0.39223093389646113,-0.652085600623358,4.340075202161737,2.2225621833158353,-0.15268426212762734,-0.6250973062082877
63,0.0,0.0,0.08,8.31,40682,0.0,False,True,-0.8814102610124154,-0.6739586329518585,-0.6273712218600376,-0.4572646353510558,-0.7798801779484648,-0.6295203526522352
64,10.83,11.96,2.229,2115.3,82974,3.7039331062248375,True,False,0.5132847987310761,-0.03590627527169586,1.5952068262812893,1.7514799159709176,0.8547639134975731,-0.3944490435044008
65,0.0,50.03,0.054,0.6,29750,47.46679316888046,False,True,-0.8814102610124154,1.9950847997185879,-0.6542614169515565,-0.46534698054049306,-1.2024170456229206,2.3829749844006707
66,0.0,0.0,0.079,3.66,30139,0.0,False,True,-0.8814102610124154,-0.6739586329518585,-0.6284054601327883,-0.4621392015158915,-1.187381659460703,-0.6295203526522352
67,5.22,0.01,0.532,1039.48,56839,0.006527415143603133,True,False,-0.2091749690584887,-0.6734251443584806,-0.15989552257670586,0.623704481249725,-0.15538985860926033,-0.6291060881449795
68,10.87,4.63,0.143,5.56,48214,4.05074365704287,False,True,0.5184360270219107,-0.42695341421781563,-0.5622142106767413,-0.46014744329800167,-0.48875799652475443,-0.3724386000463198
69,0.0,0.0,0.3,4.05,45893,0.0,True,False,-0.8814102610124154,-0.6739586329518585,-0.39983880185487614,-0.4617303669343246,-0.5784678455800427,-0.6295203526522352
70,1.75,0.79,0.26,64.21,96674,0.626984126984127,False,True,-0.6560440232883978,-0.6318130340749916,-0.44120833276490545,-0.3986650119931385,1.3842877963314595,-0.5897286028235534
71,12.18,0.63,0.929,888.47,54263,0.3265940902021773,True,False,0.6871387535467468,-0.6403488515690406,0.25069707170533545,0.465401634679437,-0.2549558091333546,-0.6087929533871819
72,0.0,5.19,0.077,1.16,52321,4.818941504178274,False,True,-0.8814102610124154,-0.3970780529886441,-0.6304739366782898,-0.464759936013115,-0.33001678580951566,-0.3236846759251789
73,12.39,1.45,3.532,2910.65,82476,0.3199470432480141,True,False,0.714182702073629,-0.5966027869120396,2.9428192956754953,2.5852403889176006,0.8355155270996698,-0.6092148103658773
74,3.62,53.64,0.103,13.47,54475,48.6310063463282,False,True,-0.41522410069187615,2.1876741819280685,-0.6035837415867706,-0.45185543934878647,-0.2467617169318375,2.4568621491796097
75,4.85,3.03,3.644,2665.92,68727,0.6524547803617571,True,False,-0.25682383074870957,-0.5123115891583057,3.0586539822235776,2.328691447515398,0.30409772672864044,-0.5881120995923618
76,24.39,68.65,0.167,4.56,31369,58.82604970008569,False,True,2.259551189324035,2.9884405605885402,-0.5373924921307236,-0.46119573709689105,-1.1398404641405804,3.1038938636452493
77,0.0,77.2,0.805,5.94,73438,42.770083102493075,True,False,-0.8814102610124154,3.4445733079267837,0.12245152588424446,-0.4597490916544237,0.486184369942541,2.084896765294066
78,0.0,0.19,0.124,17.51,42083,0.1690391459074733,False,True,-0.8814102610124154,-0.6638223496776754,-0.5818647378590053,-0.44762033240127336,-0.7257295969374958,-0.6187922287401374
79,7.53,1.99,2.693,1349.07,77862,0.5388572975900352,True,False,0.08830846473721453,-0.5677944028696241,2.0750933848376296,0.9482457584478937,0.6571780675817464,-0.5953216004729714
80,13.54,6.23,0.78,225.53,35483,3.5,True,False,0.8622805154351261,-0.34159523927732566,0.0965955690654761,-0.22955425635630072,-0.9808286937771783,-0.4073917238617461
81,11.23,1.34,0.334,76.24,92204,1.0044977511244377,True,False,0.5647970816394231,-0.6024711614391982,-0.36467470058135115,-0.38605403759249896,1.211516135290038,-0.5657695789149776
82,0.0,47.8,0.083,0.85,35938,44.13665743305632,False,True,-0.8814102610124154,1.8761168433952797,-0.6242685070417854,-0.4650849070907707,-0.9632423166465638,2.171626845919293
83,0.0,6.49,0.272,26.41,56210,5.102201257861635,False,True,-0.8814102610124154,-0.327724535849496,-0.4287974734918966,-0.43829051759115767,-0.17970157556564825,-0.305707504303117
84,8.95,0.85,1.994,2667.67,67642,0.28390113560454244,True,False,0.2711770690618458,-0.6286121025147233,1.3521608321848668,2.330525961663455,0.262160981263329,-0.6115024755196924
85,6.5,0.02,0.196,24.13,40877,0.016722408026755856,False,True,-0.0443356637517787,-0.6728916557651025,-0.5073995822209524,-0.44068062745262554,-0.7723431591782014,-0.6284590596336471
86,15.59,0.21,2.969,3627.17,63223,0.05291005291005291,True,False,1.126280965340404,-0.6627553724909192,2.3605431481168315,3.336363861697832,0.09136054051566887,-0.6261623990801946
87,2.13,0.1,0.34,30.75,44026,0.07462686567164178,True,False,-0.6071073545254683,-0.6686237470180779,-0.3584692709448467,-0.4337409225039777,-0.6506299688830257,-0.624784134554357
88,10.64,46.12,0.231,68.88,58542,37.46547522339561,False,True,0.4888164643496115,1.7864907597077653,-0.4712012426746767,-0.393769479952325,-0.08956656134896046,1.7482381154497388
89,3.67,0.34,0.265,73.83,37386,0.26877470355731226,False,True,-0.4087850653283328,-0.6558200207770044,-0.43603714140115174,-0.38858042564782247,-0.9072751208550698,-0.6124624794080191
90,0.0,0.02,0.284,11.07,48000,0.01557632398753894,True,False,-0.8814102610124154,-0.6728916557651025,-0.41638661421888784,-0.4543713444661211,-0.4970293914828896,-0.6285317962268214
91,10.98,0.67,1.086,935.8,63508,0.32118887823585807,True,False,0.5326019048217063,-0.6382148971955284,0.41307248052720064,0.5150173801808722,0.10237618333374607,-0.6091359969078676
92,0.0,,0.0,1.04,76964,,False,True,-0.8814102610124154,,-0.7101102836800962,-0.4648857312689817,0.622469129860226,
93,5.99,4.35,1.224,399.22,63587,1.9559352517985609,True,False,-0.11001382445992093,-0.4418910948324014,0.5557973621668018,-0.047476106427201105,0.10542964222016045,-0.5053862910850939
94,0.0,0.57,0.115,7.09,53750,0.5112107623318385,False,True,-0.8814102610124154,-0.643549783129309,-0.5911728823137619,-0.4585435537857009,-0.2747839662058935,-0.5970761967494603
95,0.0,0.75,0.219,26.91,69500,0.6152584085315832,False,True,-0.8814102610124154,-0.6339469884485038,-0.48361210194768556,-0.437766370691713,0.3339752421615305,-0.5904727793268241
96,0.0,27.1,0.106,23.59,66583,24.50271247739602,False,True,-0.8814102610124154,0.7717954551026907,-0.6004810267685184,-0.44124670610402583,0.22122917163405267,0.9255521971339322
97,0.0,44.77,0.037,0.22,34625,43.172613307618136,False,True,-0.8814102610124154,1.714469799601727,-0.671843467588319,-0.465745332184071,-1.013991576366337,2.1104434745829757
98,19.48,21.17,0.668,321.31,136607,12.691846522781775,True,False,1.6272379166240774,0.4554367192294997,-0.019239117482606063,-0.12914867629867416,2.9277532863464657,0.17597178018343704
99,11.03,60.15,0.269,22.31,64216,47.399527186761226,False,True,0.5390409401852495,2.534975256217187,-0.4319001883101488,-0.4425885221666042,0.12974135917654836,2.3787059271514166
100,14.98,18.57,0.02,4.11,87740,18.205882352941178,False,True,1.047724733905175,0.31672968495120335,-0.6894255182250815,-0.4616674693063913,1.038976382518471,0.5259218424848469
101,19.58,12.12,0.628,199.31,59207,7.444717444717444,True,False,1.6401159873511637,-0.027370457777646948,-0.060608648392635446,-0.25704051976318076,-0.06386339477344699,-0.15703895901574386
102,0.0,38.54,0.136,34.8,48789,33.92605633802817,False,True,-0.8814102610124154,1.3821064059271941,-0.5694538785859964,-0.42949533261847567,-0.4665334539970548,1.5236077543863589
103,0.0,0.06,0.065,10.46,37083,0.056338028169014086,False,True,-0.8814102610124154,-0.6707577013915902,-0.6428847959512985,-0.45501080368344365,-0.9189864884827098,-0.6259448415248229
104,4.7,1.5,0.28,30.79,34896,1.171875,False,True,-0.2761409368393396,-0.5939353439451492,-0.42052356730989077,-0.4336989907520221,-1.0035170528445865,-0.5551469278339911
105,5.81,7.04,0.253,21.43,51618,5.61851556264964,False,True,-0.1331943517686771,-0.2983826632137026,-0.4484480006741606,-0.4435110207096269,-0.35718870476077275,-0.2729394504324101
106,0.0,28.76,0.029,0.23,35250,27.949465500485914,False,True,-0.8814102610124154,0.8603545616034489,-0.6801173737703249,-0.4657348492460821,-0.9898344649231853,1.1443014893620553
107,11.92,0.38,2.837,504.27,54522,0.09903570497784728,True,False,0.6536557696563214,-0.6536860664034921,2.2240236961137354,0.06264715714613013,-0.2449451021513125,-0.6232350196956555
108,0.0,51.01,0.125,4.14,43750,45.34222222222222,False,True,-0.8814102610124154,2.047366681869638,-0.5808304995862545,-0.46163602049242464,-0.6612977492963215,2.2481384040722974
109,12.62,7.71,1.522,1173.7,112587,3.057097541633624,True,False,0.7438022647459284,-0.26263892745737244,0.8640003674465205,0.76440647493666,1.9993471793632573,-0.43550067122313457
110,27.03,40.85,0.353,107.31,55313,30.19216555801922,True,False,2.5995322565191246,1.5053422709975266,-0.34502417339908725,-0.3534835492610054,-0.21437186190885965,1.2866351718101194
111,2.07,37.61,0.261,168.99,50577,29.825535289452812,False,True,-0.6148341969617203,1.3324919667430344,-0.4401740944921547,-0.2888247877455073,-0.3974247895804863,1.2633668635730495
112,21.24,0.24,2.982,2737.12,79875,0.060271220492214964,True,False,1.8538919614208034,-0.661154906710785,2.3739882456625923,2.403329965996323,0.7349832921178495,-0.6256952202055309
113,3.13,0.82,0.388,40.49,100385,0.590778097982709,True,False,-0.4783266472546011,-0.6302125682948574,-0.30882583385281154,-0.42353054090279496,1.5277230612363173,-0.5920264301309917
114,18.62,1.21,2.472,1063.14,121226,0.3485023041474654,True,False,1.5164865083711316,-0.6094065131531131,1.8465267265597174,0.6485071125314482,2.3332564365750783,-0.6074025415234916
115,3.24,0.58,0.29,142.14,34291,0.44961240310077516,True,False,-0.46416076945480567,-0.6430162945359309,-0.41018118458238345,-0.31697147624568767,-1.0269011367215573,-0.6009855564842431
116,0.0,0.16,0.259,10.21,52143,0.1270849880857824,False,True,-0.8814102610124154,-0.6654228154578096,-0.4422425710376562,-0.455272877133166,-0.3368967311485253,-0.6214548628969923
117,0.0,0.19,0.246,5.82,31667,0.15248796147672553,False,True,-0.8814102610124154,-0.6638223496776754,-0.4556876685834157,-0.45987488691029044,-1.1283223534044855,-0.6198426549979832
118,11.81,21.56,0.589,449.96,85760,13.56828193832599,True,False,0.639489891856526,0.47624277437124396,-0.1009439410299141,0.005714320928446912,0.9624466534665663,0.23159503649151103
119,12.66,52.02,0.09,2.87,38807,47.72477064220183,False,True,0.7489534930367632,2.1012490298008224,-0.6170288391325301,-0.46296735361701413,-0.85235151227792,2.399347607945731
120,10.76,0.75,1.395,1388.38,83097,0.31315240083507306,True,False,0.5042701492221154,-0.6339469884485038,0.7326521068071773,0.9894541876822361,0.8595180330295854,-0.6096460345379654
121,0.0,2.44,0.19,1.78,46667,2.050420168067227,False,True,-0.8814102610124154,-0.5437874161676114,-0.5136050118574568,-0.4641099938578036,-0.5485516787688437,-0.49938977540162455
122,0.0,0.91,0.191,33.64,89375,0.764063811922754,False,True,-0.8814102610124154,-0.6254111709544549,-0.512570773584706,-0.43071135342518735,1.102171386053756,-0.5810287964091394
123,0.0,42.43,0.084,12.82,28438,39.1420664206642,False,True,-0.8814102610124154,1.5896334687512603,-0.6232342687690346,-0.45253683031806463,-1.2531276539643847,1.8546435165044466
124,0.72,0.05,0.261,33.92,24859,0.03965107057890563,False,True,-0.788688151777391,-0.6712911899849682,-0.4401740944921547,-0.4304178311614983,-1.3914609369324489,-0.627003884670016
125,18.67,1.91,1.64,2206.04,74371,0.7234848484848485,True,False,1.5229255437346751,-0.5720623116166487,0.986040483631107,1.8466020952821414,0.522246105904878,-0.5836041534109112
126,8.1,0.03,0.294,28.66,42738,0.0231839258114374,True,False,0.16171346788160873,-0.6723581671717244,-0.4060442314913805,-0.4359318565436565,-0.7004129441450728,-0.628048977323528
127,5.25,0.63,0.286,47.23,51618,0.48989113530326595,True,False,-0.20531154784036268,-0.6403488515690406,-0.4143181376733864,-0.4164650406982804,-0.35718870476077275,-0.598429253754655
128,7.24,0.01,1.04,1335.28,35994,0.004901960784313725,True,False,0.05096205962866304,-0.6734251443584806,0.3654975199806669,0.933789786961209,-0.9610778394612574,-0.6292092481301196
129,13.05,0.6,2.54,2984.54,46466,0.1694915254237288,True,False,0.7991779688724014,-0.6419493173491748,1.9168549291067674,2.6626988177175384,-0.5563206058089613,-0.6187635183282406
130,8.62,0.02,0.19,4.67,43988,0.016806722689075633,False,True,0.22867943566245963,-0.6728916557651025,-0.5136050118574568,-0.46108042477901323,-0.6520987212587693,-0.6284537085764105
131,0.0,0.0,0.231,1.98,27750,0.0,False,True,-0.8814102610124154,-0.6739586329518585,-0.4712012426746767,-0.4639003350980257,-1.2797198022410061,-0.6295203526522352
132,0.0,0.22,0.022,0.34,36125,0.21526418786692758,False,True,-0.8814102610124154,-0.6622218838975411,-0.68735704167958,-0.46561953692820435,-0.9560145089027728,-0.6158585415440698
133,0.0,0.11,0.425,43.0,88667,0.07719298245614035,True,False,-0.8814102610124154,-0.6680902584246999,-0.2705590177610344,-0.4208993234675826,1.0748062102109537,-0.6246212751250264
134,12.83,1.61,0.454,443.7,48351,1.1072902338376893,True,False,0.7708462132728106,-0.5880669694179905,-0.2405661078512631,-0.0008479982526007114,-0.48346275769641556,-0.5592458208478163
135,14.82,1.54,1.417,1120.96,94377,0.6371534960695077,True,False,1.0271198207418362,-0.5918013895716369,0.7554053488076935,0.7091194599832331,1.2955055803555882,-0.5890832005348107
136,8.12,6.92,2.493,1029.33,40538,1.981105067277412,True,False,0.16428908202702602,-0.30478452633423936,1.8682457302874826,0.6130642991909975,-0.7854459764249669,-0.5037888806281721
137,7.35,1.07,1.058,755.63,57976,0.5199222546161323,True,False,0.06512793742845836,-0.6168753534604059,0.3841138088901801,0.3261462864349693,-0.11144324147187867,-0.5965233190820807
138,10.02,0.36,1.14,748.48,98647,0.16822429906542058,True,False,0.4089724258416737,-0.6547530435902483,0.4689213472557401,0.3186509857729101,1.4605469657352008,-0.6188439432577658
139,15.62,12.28,1.22,582.16,103655,5.531531531531532,True,False,1.13014438655853,-0.01883464028359794,0.5516604090757988,0.14429876114162535,1.6541130683068872,-0.2784599200206771
140,12.92,2.95,1.103,1285.14,98547,1.4027579648121733,True,False,0.7824364769271885,-0.5165794979053301,0.430654531163963,0.8812283358848946,1.4566818279042966,-0.5404938660097595
141,11.29,9.7,0.084,6.08,42910,8.948339483394832,False,True,0.572523924075675,-0.15647469737513806,-0.6232342687690346,-0.4596023305225792,-0.6937649070759174,-0.061611101395581555
142,6.13,2.8,0.173,41.29,49496,2.387041773231031,False,True,-0.09198452544199957,-0.5245818268060012,-0.5311870624942192,-0.42269190586368344,-0.4392069295325616,-0.47802597666554186
143,10.07,0.02,1.216,374.82,39421,0.009025270758122744,True,False,0.41541146120521716,-0.6728916557651025,0.5475234559847959,-0.07305447512010246,-0.8286195659961677,-0.6289475609328167
144,11.8,2.81,0.186,84.56,58806,2.369308600337268,False,True,0.6382020847838175,-0.524048338212623,-0.5177419649484598,-0.3773322331857392,-0.07936259747537315,-0.4791514182023979
145,0.0,,0.0,1.73,35313,,False,True,-0.8814102610124154,,-0.7101102836800962,-0.46416240854774804,-0.9873994280897156,
146,0.0,47.7,0.235,41.92,55625,38.623481781376526,False,True,-0.8814102610124154,1.8707819574614994,-0.4670642895836738,-0.4220314807703831,-0.20231263187643828,1.821731375122509
147,0.0,1.27,0.097,0.42,33750,1.1577028258887876,False,True,-0.8814102610124154,-0.6062055815928447,-0.609789171223275,-0.46553567342429314,-1.0478115323867494,-0.5560463694346492
148,6.71,56.23,0.102,4.53,59358,51.02540834845734,False,True,-0.017291715224896594,2.3258477276129863,-0.6046179798595214,-0.46122718591085776,-0.05802703664878153,2.6088236444670803
149,0.0,33.92,0.364,103.44,65433,24.86803519061584,True,False,-0.8814102610124154,1.1356346757865294,-0.33364755239882915,-0.35754044626270737,0.17678008657865343,0.9487375209492293
150,0.0,56.29,0.06,0.09,28500,53.10377358490566,False,True,-0.8814102610124154,2.329048659173255,-0.6480559873150521,-0.4658816103779267,-1.250731268509224,2.740727764495105
151,0.0,30.74,0.165,4.58,60000,26.3862660944206,False,True,-0.8814102610124154,0.9659853030923051,-0.5394609686762251,-0.46117477122091327,-0.03321285177437606,1.045092534906228
152,8.39,10.75,0.729,133.13,36684,6.217466743782533,True,False,0.19905987299016034,-0.10045839507044146,0.043849417155188634,-0.3264166033736811,-0.9344083884280179,-0.23492682055312622
153,31.46,0.28,3.067,2711.36,85752,0.06884681583476765,True,False,3.1700307897290663,-0.6590209523372729,2.4618984988464043,2.3763259177369327,0.962137442440094,-0.6251509672813871
154,3.38,1.51,0.273,65.79,70776,1.1861743912018852,False,True,-0.4461314704368843,-0.5934018553517711,-0.4277632352191459,-0.3970087077908932,0.3832944008838691,-0.5542394123596444
155,12.44,1.87,3.242,3025.59,58109,0.44082979726544086,True,False,0.7206217374371723,-0.5741962659901609,2.6428901965777825,2.7057312781619483,-0.10630260815677599,-0.6015429473960747
156,0.0,43.55,0.053,0.78,50735,41.358024691358025,False,True,-0.8814102610124154,1.6493841912096032,-0.6552956552243072,-0.46515828765669304,-0.39131787180765754,1.9952800228262075
157,12.71,17.97,0.215,48.32,49453,14.790123456790122,False,True,0.7553925284003066,0.2847203693485196,-0.4877490550386885,-0.41532240045749097,-0.4408689387998504,0.30913960251886147
158,14.48,0.08,1.801,797.51,73986,0.02856122813280971,True,False,0.9833343802697414,-0.6696907242048341,1.152552845543975,0.3700488307324573,0.5073653252558965,-0.6277077050974599
159,9.01,1.19,1.972,2191.44,68475,0.4004037685060565,True,False,0.2789039114980979,-0.6104734903398692,1.3294075901843505,1.8312970058183562,0.29435757939476165,-0.604108598349151
160,6.42,0.25,0.556,182.71,59844,0.16066838046272494,True,False,-0.05463812033344808,-0.660621418117407,-0.13507380403068822,-0.2744421968247448,-0.03924246679058674,-0.619323482068757
161,0.0,70.44,0.06,3.47,70313,66.45283018867924,False,True,-0.8814102610124154,3.083935018803213,-0.6480559873150521,-0.46233837733768046,0.36539881272678226,3.5879299470787758
162,12.02,2.12,2.728,4335.38,43892,0.5686695278969957,True,False,0.666533840383408,-0.5608590511557093,2.1112917243839053,4.078776013009293,-0.6558092535764374,-0.5934295576617511
163,0.0,10.69,0.212,1.92,27500,8.82013201320132,False,True,-0.8814102610124154,-0.10365932663070986,-0.4908517698569407,-0.4639632327259591,-1.289382646818267,-0.0697478298398051
164,0.0,0.11,0.352,2.78,37125,0.08136094674556214,True,False,-0.8814102610124154,-0.6680902584246999,-0.346058411671838,-0.4630617000589142,-0.91736313059373,-0.6243567539271816
165,17.18,0.72,0.257,18.14,31921,0.5727923627684963,False,True,1.3310422899010828,-0.635547454228638,-0.44431104758315765,-0.446959907307973,-1.1185049033139887,-0.5931679006169693
166,0.0,45.86,0.336,60.81,70278,34.32634730538922,True,False,-0.8814102610124154,1.7726200562799357,-0.3626062240358497,-0.4022292109093624,0.3640460144859658,1.5490123497283956
167,0.0,34.33,0.368,45.09,88405,25.09502923976608,True,False,-0.8814102610124154,1.1575077081150298,-0.3295105993078262,-0.4187083894279038,1.0646795490939844,0.9631437714867561
168,21.28,26.84,0.128,5.45,35828,23.794326241134748,False,True,1.8590431897116384,0.757924751674861,-0.5777277847680022,-0.4602627556158795,-0.9674939682605584,0.8805942361868545
169,11.03,5.33,0.632,319.81,64717,3.2659313725490193,True,False,0.5390409401852495,-0.3896092126813513,-0.056471695301632506,-0.13072111699700825,0.14910569970937881,-0.4222469647927627
170,0.0,0.93,0.25,0.21,80000,0.744,False,True,-0.8814102610124154,-0.6243441937676988,-0.45155071549241277,-0.46575581512205994,0.7398147144064798,-0.5823021527036284
171,4.96,19.01,0.209,45.78,87768,15.723738626964433,False,True,-0.24265795294891415,0.3402031830598382,-0.4939544846751929,-0.41798506670667,1.0400586211111242,0.3683917903956669
172,7.18,43.05,0.355,166.05,44515,31.77121771217712,True,False,0.04323521719241095,1.6227097615407,-0.3429556968535858,-0.2919067715142421,-0.6317294448899038,1.3868502260363373
173,0.0,,0.0,58.17,71303,,False,True,-0.8814102610124154,,-0.7101102836800962,-0.4049967065384304,0.40366367725273467,
174,2.68,5.56,0.782,227.78,73168,3.120089786756453,True,False,-0.5362779655264913,-0.3773389750336559,0.09866404561097757,-0.22719559530879957,0.47574849779909945,-0.4315028480706865
175,0.0,0.0,0.429,8.1,69750,0.0,True,False,-0.8814102610124154,-0.6739586329518585,-0.26642206467003143,-0.45748477704882257,0.3436380867387912,-0.6295203526522352
176,0.0,68.19,0.161,0.42,38125,58.73385012919896,False,True,-0.8814102610124154,2.963900085293149,-0.5435979217672281,-0.46553567342429314,-0.8787117522846872,3.0980423881434955
177,3.13,0.01,1.005,256.02,49888,0.004987531172069826,True,False,-0.4783266472546011,-0.6734251443584806,0.32929918043439105,-0.19759177842816297,-0.4240555892354168,-0.6292038173778632
178,11.98,3.24,0.102,63.23,40755,2.94010889292196,False,True,0.6613826120925734,-0.5011083286973663,-0.6046179798595214,-0.39969233991605,-0.7770586273319047,-0.44292539354381294
179,0.0,0.88,0.35,8.16,45703,0.6518518518518518,True,False,-0.8814102610124154,-0.627011636734589,-0.34812688821733945,-0.4574218794208892,-0.5858116074587609,-0.5881503646446944
180,6.59,0.33,0.125,70.77,40959,0.29333333333333333,False,True,-0.03274540009740067,-0.6563535093703825,-0.5808304995862545,-0.39178820467242403,-0.76917374615686,-0.6109038580488418
181,11.17,46.25,0.097,65.67,40604,42.16043755697356,False,True,0.557070239203171,1.7934261114216803,-0.609789171223275,-0.3971345030467599,-0.7828949854565701,2.046205414129929
182,8.93,3.09,0.25,19.49,37788,2.472,False,True,0.2686014549164285,-0.5091106575980373,-0.45155071549241277,-0.4455447106794723,-0.8917372667748347,-0.47263407540363833
183,11.06,0.02,1.341,1260.77,45334,0.008543357539513028,True,False,0.5429043614033757,-0.6728916557651025,0.6768032400786377,0.8556814160059598,-0.6000739660547977,-0.6289781457106584
184,12.5,45.91,0.04,1.26,30000,44.14423076923077,False,True,0.7283485798734244,1.775287499246826,-0.6687407527700668,-0.46465510663322607,-1.19275420104566,2.172107490142093
185,8.77,68.0,0.723,82.4,87857,39.46604759141034,True,False,0.24799654175308974,2.953763802018966,0.037643987518684224,-0.3795965477913403,1.0434985937806291,1.8752050859935256
186,6.01,6.6,0.324,65.14,53375,4.984894259818731,True,False,-0.10743821031450364,-0.3218561613223374,-0.37501708330885847,-0.3976900987601713,-0.2892782330717846,-0.31315243076677385
187,2.92,37.84,0.22,35.79,68224,31.016393442622956,False,True,-0.5053705957814832,1.34476220439073,-0.4825778636749348,-0.4284575217575751,0.2846560834391919,1.3389450603295232
188,4.89,1.3,0.031,49.38,66750,1.2609117361784676,False,True,-0.25167260245787487,-0.6046051158127104,-0.6780488972248234,-0.4142112090306682,0.22768395181166282,-0.5494961826570471
189,15.03,0.32,2.263,7238.14,42164,0.09806926141587496,True,False,1.0541637692687182,-0.6568869979637606,1.630370927554814,7.121721320673483,-0.7225988352944633,-0.6232963553480054
190,11.94,0.0,0.494,170.0,52188,0.0,True,False,0.6562313838017387,-0.6739586329518585,-0.19919657694123377,-0.28776601100862903,-0.3351574191246184,-0.6295203526522352
191,8.55,0.04,0.112,14.59,52559,0.03597122302158273,False,True,0.2196647861534991,-0.6718246785783464,-0.594275597132014,-0.4506813502940304,-0.3208177577719635,-0.6272374273820348
192,17.68,0.15,3.186,5336.94,99446,0.0358337314859054,True,False,1.3954326435365163,-0.6659563040511877,2.5849728533037415,5.128705150224958,1.491429417004126,-0.6272461533266893
193,2.93,1.53,0.243,23.22,58043,1.2308930008045054,False,True,-0.5040827887087745,-0.5923348781650151,-0.45879038340166794,-0.44163457480961493,-0.10885359912517281,-0.5514013313789452
194,17.87,49.08,0.723,657.47,202292,28.485200232153222,True,False,1.4199009779179812,1.944403383347672,0.037643987518684224,0.22324576713598598,5.466569070575941,1.1783020668879696
195,6.39,0.39,0.448,428.2,66041,0.26933701657458564,True,False,-0.05850154155157413,-0.6531525778101142,-0.2467715374877675,-0.017096552135386384,0.20028012459055147,-0.6124267920310255
196,4.76,5.86,1.489,573.17,62122,2.3543591803937325,True,False,-0.2684140944030876,-0.36133431723231396,0.8298705044457464,0.13487459988960965,0.04880537299741275,-0.4801001879604753
197,3.13,0.58,0.167,17.62,42000,0.4970008568980291,False,True,-0.4783266472546011,-0.6430162945359309,-0.5373924921307236,-0.4475050200833955,-0.7289376613371463,-0.5979780329806759
198,0.0,42.25,0.106,2.71,56250,38.2007233273056,False,True,-0.8814102610124154,1.5800306740704553,-0.6004810267685184,-0.4631350806248365,-0.17815552043328653,1.794900873490406
199,0.0,10.93,0.109,1.27,27500,9.855725879170423,False,True,-0.8814102610124154,-0.09085560038963635,-0.5973783119502662,-0.4646446236952372,-1.289382646818267,-0.004023531145074117
200,0.0,28.39,0.06,0.2,31375,26.78301886792453,False,True,-0.8814102610124154,0.8406154836484607,-0.6480559873150521,-0.4657662980600488,-1.139608555870726,1.0702725776340143
201,0.0,53.86,0.211,93.61,76136,44.475639966969446,False,True,-0.8814102610124154,2.1994109309823857,-0.4918860081296914,-0.3678451743057901,0.5904657886203385,2.1931404817598783
202,5.88,0.49,1.203,2783.35,53333,0.22242396731729455,True,False,-0.12417970225971636,-0.6478176918763335,0.5340783584390365,2.45179258831898,-0.2909015909607644,-0.6154041438321406
203,4.76,5.19,0.208,12.05,79250,4.29635761589404,False,True,-0.2684140944030876,-0.3970780529886441,-0.49498872294794366,-0.45334401654320944,0.7108261806746977,-0.35685063093448716
204,27.1,0.08,2.641,2331.89,84141,0.021971985718209283,True,False,2.6085469060280855,-0.6696907242048341,2.0213129946545916,1.9785298698723721,0.8998700719842261,-0.6281258934924094
205,0.0,21.1,0.144,23.07,55675,18.444055944055947,False,True,-0.8814102610124154,0.45170229907585324,-0.5611799724039905,-0.4417918188794483,-0.20038006296098615,0.541037606258684
206,15.38,21.14,0.095,1.14,45221,19.30593607305936,False,True,1.099237016813522,0.45383625344936546,-0.6118576477687765,-0.4647809018890928,-0.6044415718037195,0.5957371066121978
207,0.0,55.61,0.149,1.17,66042,48.398607484769364,False,True,-0.8814102610124154,2.2927714348235466,-0.5560087810402369,-0.4647494530751261,0.2003187759688605,2.4421128804794567
208,0.0,,0.0,0.33,19750,,False,True,-0.8814102610124154,,-0.7101102836800962,-0.46563001986619323,-1.5889308287133486,
209,5.49,0.0,0.152,15.12,57500,0.0,False,True,-0.17440417809535452,-0.6739586329518585,-0.5529060662219847,-0.450125754580619,-0.12984129754698304,-0.6295203526522352
210,3.62,10.28,0.274,44.35,63393,8.069073783359498,False,True,-0.41522410069187615,-0.12553235895921042,-0.42672899694639516,-0.4194841268390819,0.09793127482820614,-0.11741398262168395
211,13.59,8.74,0.203,20.75,36530,7.265170407315045,False,True,0.8687195507986696,-0.20768960233943198,-0.5001599143116973,-0.4442238604928717,-0.9403607006876105,-0.1684339696504837
212,5.83,0.75,0.182,19.84,84960,0.6345177664974619,False,True,-0.1306187376232597,-0.6339469884485038,-0.5218789180394627,-0.44517780784986105,0.9315255508193321,-0.5892504779621538
213,11.41,6.52,0.148,10.65,70625,5.679442508710801,False,True,0.5879776089481792,-0.3261240700693619,-0.5570430193129876,-0.45481162786165463,0.37745804275920364,-0.26907270215099355
215,12.64,0.6,0.228,36.43,98896,0.48859934853420195,False,True,0.7463778788913459,-0.6419493173491748,-0.4743039574929289,-0.4277866137262859,1.4701711589341524,-0.5985112374185699
216,16.69,8.32,3.876,3446.81,69231,1.706316652994258,True,False,1.267939743338358,-0.2300961232613106,3.2985972615017474,3.1472935921301404,0.32357802139639796,-0.5212284159630949
217,0.0,0.05,0.39,23.4,49531,0.03597122302158273,True,False,-0.8814102610124154,-0.6712911899849682,-0.3067573573073101,-0.4414458819258148,-0.4378541312917451,-0.6272374273820348
218,14.2,1.2,0.1,1.81,58419,1.0909090909090908,False,True,0.9472757822338985,-0.6099400017464911,-0.6066864564050228,-0.4640785450438369,-0.09432068088097272,-0.560285455366888
219,0.0,22.05,0.041,3.45,39792,21.18155619596542,False,True,-0.8814102610124154,0.5023837154467691,-0.6677065144973161,-0.4623593432136583,-0.8142799046435129,0.7147739426216183
221,4.98,53.75,0.054,4.14,57261,50.996204933586334,False,True,-0.24008233880349675,2.193542556455227,-0.6542614169515565,-0.46163602049242464,-0.13907897696284427,2.606970240323853
222,0.0,56.92,2.861,505.0,71750,14.742294742294742,True,False,-0.8814102610124154,2.362658440556073,2.248845414659753,0.06341241161931942,0.42094084335687676,0.3061041377280985
223,1.35,40.97,0.457,197.92,93661,28.119423472889498,True,False,-0.7075563061967447,1.5117441341180633,-0.2374633930330109,-0.258497648143637,1.2678311934863136,1.155087926894061
224,8.4,15.08,0.168,57.97,59110,12.91095890410959,False,True,0.200347680062869,0.13054216586225958,-0.5363582538579729,-0.4052063652982083,-0.06761257846942414,0.18987781813068452
225,9.78,0.39,0.287,23.7,50195,0.30303030303030304,True,False,0.3780650560966656,-0.6531525778101142,-0.41328389940063565,-0.44113139378614796,-0.4121896160945407,-0.6102884367396387
226,7.04,11.18,0.162,15.18,26382,9.621342512908779,False,True,0.025205918174489583,-0.07751838555518478,-0.5425636834944774,-0.45006285695268566,-1.3325948877677767,-0.018898747076216416
227,4.94,0.94,0.962,191.93,52598,0.47910295616717635,True,False,-0.24523356709433144,-0.6238107051743207,0.2848269347061096,-0.2647769279989845,-0.3193103540179108,-0.5991139290228396
228,1.76,1.32,0.209,23.11,53080,1.0918114143920596,False,True,-0.6547562162156891,-0.6035381386259543,-0.4939544846751929,-0.4417498871274927,-0.3006803896729522,-0.5602281891160316
229,0.0,0.23,0.22,90.23,43409,0.18852459016393444,False,True,-0.8814102610124154,-0.6616883953041631,-0.4825778636749348,-0.3713884073460363,-0.6744778692997051,-0.6175555787361198
230,2.11,0.1,0.184,24.61,73102,0.08445945945945947,False,True,-0.6096829686708857,-0.6686237470180779,-0.5198104414939613,-0.4401774464291586,0.47319750683070266,-0.6241601058184878
231,1.93,0.11,0.452,120.51,61338,0.07575757575757576,True,False,-0.6328634959796418,-0.6680902584246999,-0.24263458439676455,-0.33964607111566536,0.0185026924031232,-0.624712373674086
232,0.0,1.57,0.119,8.56,60417,1.4030384271671135,False,True,-0.8814102610124154,-0.5902009237915028,-0.5870359292227589,-0.4570025619013335,-0.017095227019505214,-0.5404760663759508
233,6.97,0.02,0.216,8.94,50000,0.01644736842105263,False,True,0.016191268665528842,-0.6728916557651025,-0.48671481676593775,-0.4566042102577555,-0.419726634864804,-0.6284765151109265
234,0.0,34.38,0.081,0.75,30987,31.80388529139686,False,True,-0.8814102610124154,1.1601751510819203,-0.6263369835872868,-0.46518973647065964,-1.1546052906546347,1.3889234844871903
235,0.0,52.38,0.154,1.22,55000,45.389948006932414,False,True,-0.8814102610124154,2.1204546191624325,-0.5508375896764832,-0.4646970383851816,-0.22646974331959002,2.2511673363910476
236,10.64,0.49,0.099,2.15,60000,0.445859872611465,False,True,0.4888164643496115,-0.6478176918763335,-0.6077206946777736,-0.4637221251522145,-0.03321285177437606,-0.6012237120419818
237,3.27,0.4,0.166,31.47,68250,0.3430531732418525,False,True,-0.46029734823667967,-0.6526190892167361,-0.5384267304034743,-0.4329861509687774,0.285661019275227,-0.6077483723738241
238,0.0,4.43,0.284,0.75,61250,3.450155763239875,True,False,-0.8814102610124154,-0.4376231860853769,-0.41638661421888784,-0.46518973647065964,0.015101371111927435,-0.41055510442307036
239,13.57,0.76,1.907,2954.49,62017,0.26143790849673204,True,False,0.8661439366532523,-0.6334134998551258,1.262182102455553,2.6311975890609114,0.04474697827496326,-0.6129281114727402
240,9.89,0.7,2.57,1808.58,60107,0.19607843137254902,True,False,0.39223093389646113,-0.6366144314153942,1.9478820772892893,1.429947241975561,-0.02907715429530848,-0.617076171767614
241,8.65,32.59,1.342,549.27,125896,13.915456874466269,True,False,0.2325428568805858,1.0646806928672472,0.6778374783513885,0.10982037809615305,2.513758373278308,0.25362860578158697
242,0.0,10.35,0.117,4.43,56563,9.265890778871979,False,True,-0.8814102610124154,-0.12179793880556397,-0.5891044057682604,-0.4613320152907467,-0.16605763902255616,-0.04145760601415811
243,12.2,13.49,1.034,895.43,88305,6.632251720747297,True,False,0.6897143676921641,0.04571747951514766,0.3592920903441625,0.4726977595197071,1.0608144112630802,-0.2086023582171041
244,0.0,8.69,0.307,5.38,73750,6.648814078041316,True,False,-0.8814102610124154,-0.21035704530632235,-0.39259913394562096,-0.46033613618180175,0.49824359997496237,-0.2075512228698873
245,0.0,28.73,0.252,90.37,91397,22.947284345047922,False,True,-0.8814102610124154,0.8587540958233147,-0.4494822389469113,-0.3712416462141918,1.1803244729946405,0.8268364490708938
246,9.8,3.26,0.378,20.25,45833,2.3657474600870825,True,False,0.3806406702420831,-0.5000413515106102,-0.31916821658031885,-0.4447480073923164,-0.5807869282785854,-0.4793774271168849
247,0.0,66.39,0.443,36.54,119167,46.00831600831601,True,False,-0.8814102610124154,2.867872138485098,-0.2519427288515212,-0.4276713014084081,2.2536732486367588,2.290412261029692
248,6.86,0.01,0.331,20.13,64194,0.007513148009015778,True,False,0.002025390865733527,-0.6734251443584806,-0.36777741539960335,-0.4448738026481831,0.12889102885374942,-0.6290435282907658
249,4.29,0.0,0.241,20.09,40379,0.0,False,True,-0.32894102682039517,-0.6739586329518585,-0.4608588599471694,-0.4449157344001387,-0.7915915455761048,-0.6295203526522352
250,7.65,0.54,0.284,218.71,64624,0.4205607476635514,True,False,0.1037621496097186,-0.6451502489094432,-0.41638661421888784,-0.23670362006472642,0.14551112152663784,-0.6028293291660617
251,7.32,0.1,1.043,121.91,118367,0.048947626040137054,True,False,0.06126451621033242,-0.6686237470180779,0.36860023479891896,-0.33817845979722017,2.2227521459895248,-0.6264138757794222
252,3.14,0.53,0.388,248.5,31969,0.38184438040345825,True,False,-0.4770388401818924,-0.6456837375028213,-0.30882583385281154,-0.20547494779581124,-1.1166496371551546,-0.6052864759006997
253,8.19,0.02,1.023,494.69,47795,0.009886307464162138,True,False,0.17330373153598677,-0.6728916557651025,0.34791546934390427,0.052604502552769716,-0.5049529240362434,-0.6288929149605735
254,4.59,16.26,1.361,967.7,89248,6.8869123252858975,True,False,-0.29030681463913505,0.19349381988087103,0.6974880055336523,0.548457952365444,1.0972626610085077,-0.19244024081907082
255,15.68,17.01,1.944,549.43,136950,5.777853260869565,True,False,1.1378712289947819,0.2335054643842257,1.30044891854733,0.10998810510397533,2.9410107091064672,-0.26282703202663155
256,9.13,25.36,0.018,2.85,41364,24.911591355599214,False,True,0.2943575963706021,0.6789684398549077,-0.6914939947705829,-0.4629883194929919,-0.7535199379416976,0.9515018270072662
257,0.0,7.11,0.171,14.05,115109,6.071733561058924,False,True,-0.8814102610124154,-0.29464824306005616,-0.5332555390397207,-0.45124742894543063,2.0968259554586632,-0.24417582399531743
258,14.86,1.09,3.802,4923.05,49163,0.22698875468554772,True,False,1.0322710490326708,-0.6158083762736498,3.222063629318193,4.694826829802626,-0.4520778385094728,-0.6151144381296176
259,15.21,0.8,0.131,11.01,35694,0.7073386383731212,False,True,1.0773442965774744,-0.6312795454816136,-0.57462506994975,-0.4544342420940545,-0.9726732529539702,-0.5846288778429914
260,7.05,0.05,3.357,2472.3,50742,0.011475786091347258,True,False,0.026493725247198226,-0.6712911899849682,2.761827597944117,2.125720802174433,-0.39104731215949423,-0.628792038186874
261,12.14,0.0,0.818,255.31,55419,0.0,True,False,0.6819875252559122,-0.6739586329518585,0.1358966234300039,-0.19833606702537443,-0.2102748158081011,-0.6295203526522352
262,14.97,0.54,8.911,6708.1,35049,0.054484915750176575,True,False,1.0464369268324665,-0.6451502489094432,8.505986964801691,6.566083675510146,-0.9976033919633028,-0.6260624499021346
263,0.0,47.96,0.131,6.21,40385,42.40495137046861,False,True,-0.8814102610124154,1.884652660889329,-0.57462506994975,-0.45946605232872356,-0.7913596373062505,2.0617235621619256
264,3.53,0.38,0.755,86.57,74519,0.21652421652421655,True,False,-0.42681436434625425,-0.6536860664034921,0.07073961224670773,-0.3752251626499715,0.5279665098946162,-0.6157785734189611
266,0.0,9.27,0.284,1.87,45417,7.219626168224298,True,False,-0.8814102610124154,-0.1794147068903947,-0.41638661421888784,-0.4640156474159035,-0.5968659016551472,-0.17132444947292194
268,14.35,1.38,5.015,2521.65,63697,0.22942643391521197,True,False,0.9665928883245286,-0.6003372070656859,4.476594654164833,2.1774541011496247,0.10968129383415515,-0.6149597300311272
269,0.0,0.93,0.067,0.81,37604,0.8716026241799438,False,True,-0.8814102610124154,-0.6243441937676988,-0.6408163194057971,-0.4651268388427263,-0.8988491203836985,-0.5742038110067257
270,9.38,5.42,2.029,2625.68,53960,1.7893694288544075,True,False,0.3265527731883189,-0.3848078153409487,1.3883591717311423,2.2865081050480884,-0.26666717676099455,-0.5159574447576495
271,8.83,0.34,0.518,139.47,47664,0.22397891963109356,True,False,0.2557233841893418,-0.6558200207770044,-0.17437485839521613,-0.31977042068872236,-0.510016254594728,-0.6153054582820552
272,10.53,27.62,0.222,25.5,41369,22.60229132569558,False,True,0.47465058654981596,0.7995368619583499,-0.48050938712943336,-0.43924446494814706,-0.7533266810501523,0.8049413558334578
273,11.76,64.57,0.21,32.76,101767,53.36363636363636,False,True,0.6330508564929826,2.7707772144902902,-0.49292024640244214,-0.43163385196821,1.5811392660594143,2.7572200395560005
274,3.76,17.9,0.73,164.22,92832,10.346820809248554,True,False,-0.39719480167395477,0.2809859491948731,0.044883655427939366,-0.2938251491662098,1.235789200868117,0.027143966976130522
275,6.49,2.23,0.26,9.29,75750,1.7698412698412698,False,True,-0.04562347082448734,-0.5549906766285506,-0.44120833276490545,-0.45623730742814417,0.575546356593048,-0.5171968056674755
276,8.57,22.29,1.519,743.3,138869,8.848749503771337,True,False,0.2222404002989164,0.5151874416878426,0.8608976526282681,0.313220823894663,3.0151827040815204,-0.06793161157130718
277,3.64,37.09,0.687,222.55,131727,21.985773562537048,True,False,-0.4126484865464588,1.3047505598873752,0.0004114096996578954,-0.2326781718769911,2.7391345601983366,0.7658138571604908
278,9.82,0.68,3.441,1771.87,49088,0.15311866696689935,True,False,0.3832162843875004,-0.6376814086021504,2.8487036128551786,1.3914643766183312,-0.45497669188265105,-0.6198026270706395
279,6.17,6.81,0.032,1.69,83750,6.598837209302325,False,True,-0.08683329715116488,-0.3106529008613981,-0.6770146589520727,-0.46420434029970364,0.8847573830653903,-0.21072302096252568
280,2.41,0.16,0.16,1.73,27663,0.13793103448275865,False,True,-0.5710487564896254,-0.6654228154578096,-0.5446321600399788,-0.46416240854774804,-1.283082472153893,-0.6207665150644327
281,9.05,3.94,1.631,1412.52,74707,1.4975294564804256,True,False,0.2840551397889327,-0.463764127160902,0.9767323391763505,1.0147599999874262,0.5352329690167164,-0.5344791627261314
282,12.12,5.21,0.141,32.45,35351,4.566170026292726,False,True,0.6794119111104947,-0.39601107580188805,-0.5642826872222427,-0.43195882304586575,-0.9859306757139719,-0.339726899290911
283,0.0,0.25,4.378,5307.14,50470,0.04648568240981778,True,False,-0.8814102610124154,-0.660621418117407,3.817784874422616,5.097465995018055,-0.4015604870595539,-0.6265701238259257
284,12.21,0.17,1.619,4599.63,48607,0.06491027109583812,True,False,0.691002174764873,-0.6648893268644315,0.9643214799033416,4.3557876493658165,-0.4735680048493006,-0.6254008013628245
285,0.0,0.0,0.065,0.57,54896,0.0,False,True,-0.8814102610124154,-0.6739586329518585,-0.6428847959512985,-0.4653784293544598,-0.23048948666373048,-0.6295203526522352
286,0.0,39.71,0.188,3.41,35282,33.42592592592593,False,True,-0.8814102610124154,1.4445245713524275,-0.5156734884029582,-0.46240127496561384,-0.9885976208172959,1.4918668164844466
287,0.0,13.38,0.027,1.4,40750,13.028237585199612,False,True,-0.8814102610124154,0.039849104987989,-0.6821858503158263,-0.4645083455013816,-0.7772518842234498,0.19732094744979417
288,5.15,6.03,0.386,32.32,45833,4.35064935064935,True,False,-0.21818961856744934,-0.3522650111448869,-0.310894310398313,-0.4320951012397214,-0.5807869282785854,-0.3534049884785289
289,0.0,79.14,0.023,0.12,62083,77.36070381231673,False,True,-0.8814102610124154,3.5480700950421276,-0.6863228034068293,-0.46585016156396,0.047297969243360084,4.2802016645183585
290,0.0,0.0,0.29,7.9,45417,0.0,True,False,-0.8814102610124154,-0.6739586329518585,-0.41018118458238345,-0.4576944358086005,-0.5968659016551472,-0.6295203526522352
291,3.96,1.67,0.425,5.98,61667,1.1719298245614034,True,False,-0.37143866021978134,-0.5848660378577222,-0.2705590177610344,-0.4597071599024681,0.03121899586679828,-0.5551434483755201
292,8.18,17.16,0.143,15.37,59293,15.013123359580053,False,True,0.17201592446327812,0.24150779328489658,-0.5622142106767413,-0.44986368113089664,-0.06053937623886931,0.32329236326947286
293,9.64,12.13,0.81,231.49,77458,6.7016574585635365,True,False,0.3600357570787443,-0.0268369691842688,0.12762271724799815,-0.2233064253149199,0.641562910744893,-0.20419750068244308
294,9.46,0.01,0.251,23.06,87122,0.007993605115907274,False,True,0.3368552297699883,-0.6734251443584806,-0.45051647721966204,-0.4418023018174372,1.0150898307234826,-0.629013035925524
295,16.95,53.77,0.08,0.81,37639,49.78703703703704,False,True,1.3014227272287833,2.1946095336419833,-0.6273712218600376,-0.4651268388427263,-0.897496322142882,2.5302300097987165
296,13.14,34.27,0.344,132.19,46206,25.49851190476191,True,False,0.8107682325267794,1.1543067765547617,-0.35433231785384384,-0.32740199954463717,-0.5663699641693124,0.9887509289485434
297,0.0,0.36,0.089,0.33,54583,0.3305785123966942,False,True,-0.8814102610124154,-0.6547530435902483,-0.618063077405281,-0.46563001986619323,-0.24258736807446088,-0.6085400807475845
298,9.69,0.34,0.118,17.73,81250,0.30411449016100184,False,True,0.36647479244228753,-0.6558200207770044,-0.5880701674955097,-0.4473897077655177,0.7881289372927833,-0.610219628453726
299,0.0,0.0,1.073,35.29,37500,0.0,True,False,-0.8814102610124154,-0.6739586329518585,0.399627382981441,-0.4289816686570198,-0.9028688637278389,-0.6295203526522352
300,9.8,0.01,0.625,475.78,55332,0.006153846153846154,True,False,0.3806406702420831,-0.6734251443584806,-0.06371136321088765,0.03278126681577117,-0.2136374857209878,-0.6291297968213947
301,6.5,21.8,1.456,1529.1,125442,8.876221498371336,True,False,-0.0443356637517787,0.4890465006123176,0.795740641444972,1.136970091061952,2.4962106475260026,-0.06618809257398219
302,9.75,0.03,0.447,328.75,39040,0.020732550103662747,True,False,0.37420163487853964,-0.6723581671717244,-0.24780577576051824,-0.12134937043493703,-0.8433457411319131,-0.628204554673419
303,16.13,3.77,0.254,8.54,55682,3.006379585326954,False,True,1.1958225472666721,-0.47283343324832905,-0.44741376240140984,-0.45702352777731126,-0.20010950331282285,-0.43871950267726506
304,0.0,0.39,0.273,10.27,48906,0.30636292223095046,False,True,-0.8814102610124154,-0.6531525778101142,-0.4277632352191459,-0.4552099795052326,-0.46201124273489685,-0.6100769309872613
305,5.58,0.06,0.263,48.64,114286,0.047505938242280284,False,True,-0.16281391444097648,-0.6707577013915902,-0.43810561794665326,-0.4149869464418464,2.065015871110321,-0.6265053729604743
306,0.0,0.0,0.128,2.74,58929,0.0,False,True,-0.8814102610124154,-0.6739586329518585,-0.5777277847680022,-0.4631036318108698,-0.0746084779433609,-0.6295203526522352
307,8.61,36.12,0.862,523.89,105077,19.398496240601503,True,False,0.22739162858975098,1.2530021663297028,0.18140310743103621,0.08321468148034013,1.709075328262346,0.6016114674969847
308,6.04,12.2,1.125,494.23,79172,5.741176470588235,True,False,-0.1035747890963776,-0.023102549030622442,0.45340777316447917,0.05212228740528061,0.7078113731665924,-0.26515473635052533
309,0.0,4.47,0.131,6.24,64630,3.952254641909814,False,True,-0.8814102610124154,-0.4354892317118646,-0.57462506994975,-0.45943460351475685,0.1457430297964921,-0.3786892371555859
310,0.0,51.93,0.119,0.21,44583,46.40750670241287,False,True,-0.8814102610124154,2.0964476324604195,-0.5870359292227589,-0.46575581512205994,-0.6291011511648888,2.3157470271741656
311,0.0,1.5,0.123,3.33,52232,1.335707925200356,False,True,-0.8814102610124154,-0.5939353439451492,-0.582898976131756,-0.46248513846952505,-0.3334567584790205,-0.5447492183981368
312,9.07,1.35,1.371,1494.08,40244,0.5693800084352594,True,False,0.28663075393435,-0.6019376728458201,0.7078303882611596,1.1002588422248454,-0.7968094816478255,-0.5933844667852519
313,0.0,0.0,0.143,58.07,50978,0.0,False,True,-0.8814102610124154,-0.6739586329518585,-0.5622142106767413,-0.4051015359183194,-0.38192558687856015,-0.6295203526522352
314,0.0,0.02,0.238,31.05,37000,0.01615508885298869,False,True,-0.8814102610124154,-0.6728916557651025,-0.4639615747654216,-0.4334264343643109,-0.9221945528823603,-0.6284950647279772
315,78.95,1.71,0.167,18.62,34811,1.4652956298200512,False,True,9.285826578022549,-0.5827320834842099,-0.5373924921307236,-0.4464567262845061,-1.006802420000855,-0.536524892930914
316,0.0,25.01,0.28,16.85,52135,19.5390625,False,True,-0.8814102610124154,0.6602963390866756,-0.42052356730989077,-0.44831220630854035,-0.33720594217499766,0.610532550483955
317,15.15,8.03,1.077,246.17,98854,3.866153105440539,True,False,1.0696174541412224,-0.24556729246927447,0.40376433607244394,-0.20791747234722355,1.4685478010451727,-0.38415369893635004
318,0.0,,0.0,5.49,44545,,False,True,-0.8814102610124154,,-0.7101102836800962,-0.46022082386392393,-0.6305699035406325,
319,3.67,26.19,0.384,375.52,126304,18.92341040462428,True,False,-0.4087850653283328,0.723247993105287,-0.31296278694381446,-0.0723206694608799,2.5295281356283974,0.5714599916960122
320,10.94,2.84,2.83,3282.14,81601,0.7415143603133159,True,False,0.5274506765308715,-0.5224478724324888,2.2167840282044806,2.974671052267023,0.8016955710792574,-0.5824599046279914
321,2.27,32.39,0.481,96.59,59542,21.870357866306552,True,False,-0.5890780555075469,1.0540109209996857,-0.2126416744869933,-0.36472125878509976,-0.05091518303991766,0.7584889627763252
322,28.99,,0.0,2.26,83036,,False,True,2.851942442770024,,-0.7101102836800962,-0.4636068128343367,0.8571602989527337,
323,16.25,1.01,0.685,1364.4,83445,0.5994065281899109,True,False,1.2112762321391763,-0.6200762850206742,-0.0016570668458435738,0.9643161023848683,0.8729687126811323,-0.591478824025123
324,10.05,41.33,0.136,20.59,48592,36.38204225352112,False,True,0.41283584705979987,1.5309497234796734,-0.5694538785859964,-0.444391587500694,-0.4741477755239363,1.6794776925969883
325,0.0,61.17,0.27,41.31,111125,48.16535433070866,False,True,-0.8814102610124154,2.5893910927417494,-0.4308659500373981,-0.42267093998770566,1.9428388642754368,2.4273093938301535
326,0.0,0.03,0.416,3.18,66875,0.0211864406779661,True,False,-0.8814102610124154,-0.6723581671717244,-0.279867162215791,-0.4626423825393584,0.23251537410029316,-0.6281757483617358
327,0.0,39.34,0.075,2.16,35568,36.59534883720931,False,True,-0.8814102610124154,1.4247854933974393,-0.6325424132237912,-0.46371164221422556,-0.9775433266209096,1.6930152637245999
328,8.56,0.25,2.847,4849.03,39522,0.06498570314530804,True,False,0.22095259322620775,-0.660621418117407,2.2343660788412425,4.617232122808832,-0.8247157767869544,-0.6253960140434772
329,7.47,0.52,1.527,624.66,79185,0.20577760189948555,True,False,0.08058162230096243,-0.6462172260961994,0.8691715588102741,0.1888512475944248,0.7083138410846099,-0.6164606107820272
330,13.8,3.99,2.33,1145.51,84191,1.1981981981981982,True,False,0.8957634993255518,-0.4610966841940116,1.6996648918291133,0.7348550727459678,0.9018026408996782,-0.5534763175708064
331,0.0,0.0,0.207,0.88,53750,0.0,False,True,-0.8814102610124154,-0.6739586329518585,-0.4960229612206944,-0.46505345827680405,-0.2747839662058935,-0.6295203526522352
332,0.0,6.89,0.055,8.87,85833,6.530805687203792,False,True,-0.8814102610124154,-0.3063849921143736,-0.6532271786788058,-0.45667759082367776,0.9652682040831264,-0.215040663453462
333,3.87,0.17,3.077,2269.41,36130,0.04169732646553839,True,False,-0.3830289238741594,-0.6648893268644315,2.4722408815739114,1.9130324733177624,-0.9558212520112276,-0.6268740183802296
334,6.95,61.23,0.279,37.11,61250,47.87333854573886,False,True,0.013615654520111554,2.5925920243020175,-0.4215578055826415,-0.42707377394304114,0.015101371111927435,2.408776517858576
335,6.94,0.23,0.263,13.31,38942,0.18210609659540777,False,True,0.012327847447402911,-0.6616883953041631,-0.43810561794665326,-0.45202316635660883,-0.8471335762061992,-0.6179629305004848
336,17.7,0.51,0.689,22.09,59531,0.3019538188277087,True,False,1.3980082576819335,-0.6467507146895773,0.00247988624515925,-0.44281914680235995,-0.05134034820131713,-0.610356756156735
337,3.29,22.69,1.35,123.37,44926,9.65531914893617,True,False,-0.4577217340912623,0.5365269854229652,0.6861113845333944,-0.33664795085084165,-0.6158437284048871,-0.016742408912879835
338,13.23,3.16,0.689,426.6,85549,1.8709295441089402,True,False,0.8223584961811574,-0.5053762374443909,0.00247988624515925,-0.018773822213609386,0.9542912126433583,-0.5107812057389398
339,0.0,24.76,0.285,4.88,106250,19.268482490272376,True,False,-0.8814102610124154,0.6469591242522241,-0.4153523759461371,-0.46086028308124644,1.7544133950188532,0.5933601029014082
340,8.24,0.09,1.403,425.45,98666,0.03745318352059925,True,False,0.17974276689953023,-0.669157235611456,0.7409260129891831,-0.01997936008233223,1.4612813419230726,-0.6271433742810154
341,4.12,0.56,0.211,15.49,75069,0.4624277456647399,False,True,-0.35083374705644255,-0.6440832717226871,-0.4918860081296914,-0.44973788587502994,0.5492247679645899,-0.6001722266353249
342,0.0,3.06,0.165,38.78,69702,2.6266094420600856,False,True,-0.8814102610124154,-0.5107111233781715,-0.5394609686762251,-0.4253231232988958,0.3417828205799571,-0.46282173729996134
343,12.31,0.66,0.766,11.77,74500,0.3737259343148358,True,False,0.7038802454919597,-0.6387483857889065,0.08211623324696582,-0.4536375388068985,0.5272321337067445,-0.605801715700007
344,3.66,0.03,0.365,81.7,67702,0.021978021978021976,True,False,-0.41007287240104145,-0.6723581671717244,-0.3326133141260784,-0.3803303534505629,0.26448006396187157,-0.6281255103992337
345,10.33,1.2,2.262,1940.0,87312,0.3678724708767627,True,False,0.4488944450956426,-0.6099400017464911,1.6293366892820633,1.567714013025606,1.0224335926022008,-0.6061732076449139
346,8.0,14.09,0.405,133.72,76222,10.028469750889679,True,False,0.14883539715452207,0.07772679511783138,-0.29124378321604905,-0.3257981100323364,0.5937898071549161,0.006939714385485421
347,0.0,12.69,0.063,4.17,42500,11.9379115710254,False,True,-0.8814102610124154,0.0030383920449026268,-0.6449532724968,-0.4616045716784579,-0.709611972182625,0.12812305531747492
348,0.0,0.01,0.224,19.01,33897,0.008169934640522876,False,True,-0.8814102610124154,-0.6734251443584806,-0.4784409105839319,-0.44604789170293924,-1.0421297797753202,-0.6290018451153759
349,6.92,0.33,0.203,24.17,61250,0.2743142144638404,False,True,0.009752233301985507,-0.6563535093703825,-0.5001599143116973,-0.44063869570066994,0.015101371111927435,-0.61211091256178
350,8.67,0.22,0.129,214.55,71563,0.19486271036315322,False,True,0.23511847102600306,-0.6622218838975411,-0.5766935464952515,-0.2410645222681063,0.41371303561308576,-0.6171533278935593
351,30.16,0.32,2.096,2619.38,74702,0.10335917312661498,True,False,3.0026158702769385,-0.6568869979637606,1.4576531360054417,2.279903854115086,0.5350397121251711,-0.6229606293952256
352,6.82,0.24,0.443,85.05,52075,0.1663201663201663,True,False,-0.0031258374251011646,-0.661154906710785,-0.2519427288515212,-0.37681856922428336,-0.3395250248735402,-0.6189647896565482
353,6.59,0.22,0.399,120.8,81200,0.15725518227305219,True,False,-0.03274540009740067,-0.6622218838975411,-0.29744921285255344,-0.3393420659139874,0.7861963683773312,-0.6195401017926604
354,7.46,0.9,2.356,2741.26,52200,0.26817640047675806,True,False,0.07929381522825378,-0.625944659547833,1.7265550869206323,2.407669902323726,-0.3346936025849099,-0.6125004509059863
356,0.0,0.01,1.133,122.09,29706,0.0046882325363338025,True,False,-0.8814102610124154,-0.6734251443584806,0.4616816793464851,-0.3379897669134201,-1.2041177062685184,-0.6292228124623076
357,18.61,0.48,3.695,942.01,94801,0.10223642172523961,True,False,1.5151987012984227,-0.6483511804697115,3.111400134133864,0.5215272846719753,1.3118937647586222,-0.6230318851750142
358,10.69,4.87,0.326,85.47,66810,3.6726998491704372,True,False,0.4952554997131547,-0.4141496879767422,-0.372948606763357,-0.3763782858287499,0.23000303451020537,-0.3964312722364451
359,0.0,54.38,0.225,2.09,34091,44.391836734693875,False,True,-0.8814102610124154,2.2271523378380453,-0.47740667231118117,-0.4637850227801479,-1.0346314123833658,2.1878218825959976
360,7.04,48.98,0.937,262.3,161556,25.286525554981928,True,False,0.025205918174489583,1.9390684974138912,0.2589709778873413,-0.19100849337113754,3.8920665237787744,0.9752971468917068
361,0.0,0.06,0.219,5.74,33327,0.04922067268252665,False,True,-0.8814102610124154,-0.6707577013915902,-0.48361210194768556,-0.45995875041420153,-1.0641610654114746,-0.6263965467862023
362,10.98,30.64,0.366,99.2,47555,22.430453879941435,True,False,0.5326019048217063,0.9606504171585248,-0.3315790758533277,-0.36198521196999844,-0.5142292548304136,0.7940356369191068
363,0.0,0.33,0.17,16.69,35000,0.2820512820512821,False,True,-0.8814102610124154,-0.6563535093703825,-0.5342897773124714,-0.44847993331636266,-0.9994973095004459,-0.6116198770720492
364,13.98,0.21,1.766,1871.5,58475,0.07592190889370933,True,False,0.9189440266343079,-0.6627553724909192,1.1163545059976996,1.495905887801682,-0.09215620369566632,-0.624701944218602
365,5.31,5.59,0.632,117.28,65435,3.4252450980392153,True,False,-0.1975847054041107,-0.3757385092535217,-0.056471695301632506,-0.34303206008607806,0.17685738933527154,-0.41213606782400797
366,0.0,22.43,0.155,5.6,95147,19.41991341991342,False,True,-0.8814102610124154,0.5226562819951355,-0.5498033514037325,-0.46010551154604606,1.325267141653551,0.6029707156893036
367,3.95,0.0,0.539,67.43,39333,0.0,True,False,-0.37272646729249,-0.6739586329518585,-0.1526558546674507,-0.3952895059607146,-0.8320208872873635,-0.6295203526522352
368,0.0,18.06,0.779,137.11,34684,10.15177065767285,True,False,-0.8814102610124154,0.2895217666889221,0.09556133079272536,-0.3222443940541013,-1.0117111450461034,0.01476504620044823
369,6.53,7.02,0.278,49.44,39124,5.492957746478873,False,True,-0.04047224253365265,-0.29944964040045874,-0.42259204385539223,-0.4141483114027349,-0.8400990253539534,-0.280908017729536
370,13.97,0.06,0.861,636.38,48657,0.032240730789897906,True,False,0.9176562195615992,-0.6707577013915902,0.18036886915828548,0.20113725091740856,-0.4716354359338485,-0.6274741842746456
371,2.48,0.0,0.162,20.6,33015,0.0,False,True,-0.5620341069806647,-0.6739586329518585,-0.5425636834944774,-0.4443811045627051,-1.076220295443896,-0.6295203526522352
372,8.99,0.06,0.813,448.12,60099,0.03309431880860452,True,False,0.2763282973526806,-0.6707577013915902,0.13072543206625023,0.0037854603384904458,-0.029386365321780822,-0.6274200110357464
373,0.0,2.82,0.034,0.16,59861,2.727272727272727,False,True,-0.8814102610124154,-0.523514849619245,-0.6749461824065712,-0.46580822981200437,-0.03858539335933301,-0.4564331094388671
374,0.0,5.1,0.406,157.32,67500,3.6273115220483634,True,False,-0.8814102610124154,-0.40187945032904676,-0.2902095449432983,-0.3010583763785466,0.2566724855434449,-0.39931185705550803
375,0.0,25.29,0.19,43.24,55441,21.252100840336134,False,True,-0.8814102610124154,0.6752340197012613,-0.5136050118574568,-0.4206477329558491,-0.20942448548530215,0.7192510812280695
376,5.04,0.02,0.531,316.66,42823,0.013063357282821684,True,False,-0.23235549636724476,-0.6728916557651025,-0.1609297608494566,-0.13402324246350983,-0.6971275769888041,-0.6286912824691971
377,6.95,1.78,0.805,334.46,65333,0.9861495844875345,True,False,0.013615654520111554,-0.5789976633305635,0.12245152588424446,-0.11536361284327859,0.17291494874774915,-0.5669340512280847
378,0.0,58.72,0.01,0.71,62031,58.13861386138614,False,True,-0.8814102610124154,2.458686387364124,-0.6997679009525889,-0.46523166822261525,0.045288097571289855,3.0602655264361722
379,7.75,4.07,0.407,406.55,67595,2.892679459843639,True,False,0.11664022033680527,-0.45682877544698713,-0.28917530667054764,-0.03979211288134183,0.26034436648280396,-0.4459355178106694
380,8.0,43.78,0.086,7.21,54852,40.31307550644567,False,True,0.14883539715452207,1.661654428857299,-0.6211657922235332,-0.4584177585298342,-0.23219014730932838,1.9289619857975444
381,5.73,0.0,0.246,204.96,66342,0.0,False,True,-0.14349680835034637,-0.6739586329518585,-0.4556876685834157,-0.25111765979945566,0.21191418946157334,-0.6295203526522352
382,35.71,57.85,0.116,3.86,35486,51.83691756272401,False,True,3.717348795630252,2.412272879740233,-0.5901386440410111,-0.46192954275611364,-0.9807127396422511,2.6603263384716236
383,1.44,0.0,0.2,22.0,32121,0.0,False,True,-0.6959660425423667,-0.6739586329518585,-0.5032626291299495,-0.44291349324425994,-1.1107746276521802,-0.6295203526522352
384,3.14,42.64,0.268,103.18,75423,33.62776025236593,False,True,-0.4770388401818924,1.6008367292121997,-0.43293442658289955,-0.3578130026504186,0.562907355885991,1.5046762971058665
385,4.79,39.19,0.357,115.39,55885,28.87988209285188,True,False,-0.26455067318496156,1.416783164496768,-0.34088722030808427,-0.34501333536597906,-0.19226327351608716,1.2033506784666759
386,0.0,0.34,0.353,3.23,61188,0.2512934220251294,True,False,-0.8814102610124154,-0.6558200207770044,-0.34502417339908725,-0.4625899678494139,0.012704985656766782,-0.6135719345783747
387,15.27,0.53,0.185,32.71,35266,0.4472573839662447,False,True,1.0850711390137264,-0.6456837375028213,-0.5187762032212104,-0.4316862666581545,-0.9892160428702406,-0.6011350185331371
388,10.2,3.22,0.16,8.48,61125,2.775862068965518,False,True,0.4321529531504298,-0.5021753058841224,-0.5446321600399788,-0.4570864254052446,0.010269948823297084,-0.4533493711977093
389,0.0,0.14,0.466,8.93,75063,0.09549795361527968,True,False,-0.8814102610124154,-0.6664897926445656,-0.22815524857825428,-0.4566146931957444,0.5489928596947355,-0.6234595442268467
390,12.71,41.8,0.113,81.47,63410,37.55615453728661,False,True,0.7553925284003066,1.5560236873684423,-0.5932413588592633,-0.38057146102430744,0.09858834825945988,1.7539931073509591
391,12.46,38.46,0.188,86.1,69035,32.37373737373738,False,True,0.7231973515825898,1.3778384971801696,-0.5156734884029582,-0.37571786073544955,0.3160023512478256,1.42508933067682
392,14.29,0.48,1.143,566.93,83208,0.22398506766215587,True,False,0.9588660458882765,-0.6483511804697115,0.4720240620739924,0.1283332465845398,0.8638083360218891,-0.615305068095281
393,0.0,0.11,0.029,2.37,61464,0.10689990281827018,False,True,-0.8814102610124154,-0.6680902584246999,-0.6801173737703249,-0.4634915005164588,0.02337276607006259,-0.6227359158434184
394,2.66,0.03,0.276,40.49,39000,0.023510971786833854,False,True,-0.5388535796719086,-0.6723581671717244,-0.4246605204008937,-0.42353054090279496,-0.8448917962642748,-0.6280282212452234
395,0.0,16.98,0.158,1.07,27125,14.663212435233161,False,True,-0.8814102610124154,0.23190499860409144,-0.5467006365854803,-0.4648542824550151,-1.303876913684158,0.3010851536054764
396,8.44,1.11,0.36,30.93,90329,0.8161764705882354,True,False,0.20549890835370357,-0.6147413990868936,-0.3377845054898321,-0.43355222962017764,1.139044800960583,-0.5777214497199993
397,2.2,54.51,0.175,17.5,54707,46.39148936170212,False,True,-0.5980927050165076,2.2340876895519597,-0.5291185859487177,-0.44763081533926224,-0.2377945971641396,2.3147304814801806
398,0.0,0.01,0.15,2.34,46494,0.008695652173913044,False,True,-0.8814102610124154,-0.6734251443584806,-0.5549745427674861,-0.46352294933042554,-0.555238367216308,-0.6289684802825694
399,0.0,12.23,0.148,3.05,64286,10.653310104529618,False,True,-0.8814102610124154,-0.021502083250488194,-0.5570430193129876,-0.46277866073321405,0.13244695565818135,0.04659540894748657
400,7.69,56.07,0.583,129.1,177083,35.42008843967151,True,False,0.10891337790055329,2.3173119101189377,-0.1071493706664185,-0.33064122738320545,4.4922064747832815,1.6184269835597895
401,0.0,0.0,0.196,14.45,41000,0.0,False,True,-0.8814102610124154,-0.6739586329518585,-0.5073995822209524,-0.4508281114258749,-0.7675890396461892,-0.6295203526522352
402,7.13,7.18,0.539,96.7,182898,4.6653671215074715,True,False,0.03679618182886761,-0.29091382290640977,-0.1526558546674507,-0.3646059464672219,4.716964239650365,-0.3334313236508964
403,0.0,0.72,0.031,0.04,31250,0.6983511154219205,False,True,-0.8814102610124154,-0.635547454228638,-0.6780488972248234,-0.4659340250678711,-1.1444399781593564,-0.5851992738856696
404,4.22,1.34,1.155,1196.9,48639,0.6218097447795823,True,False,-0.3379556763293559,-0.6024711614391982,0.4844349213470012,0.7887268910708941,-0.47233116074341125,-0.5900569966589629
405,0.0,1.52,0.083,2.47,57500,1.4035087719298247,False,True,-0.8814102610124154,-0.592868366758393,-0.6242685070417854,-0.4633866711365699,-0.12984129754698304,-0.5404462157938936
406,0.0,38.17,0.239,34.07,52309,30.80710250201776,False,True,-0.8814102610124154,1.362367327972206,-0.46292733649267087,-0.4302605870916649,-0.3304806023492242,1.325662343285265
407,11.9,5.21,0.193,58.48,38087,4.367141659681475,False,True,0.6510801555109041,-0.39601107580188805,-0.5105022970392046,-0.4046717354607747,-0.8801805046604309,-0.35235829876684466
408,9.89,6.48,0.821,499.09,45148,3.5584843492586495,True,False,0.39223093389646113,-0.3282580244428741,0.1389993382482561,0.05721699526788304,-0.6072631224202797,-0.4036799957741667
409,10.35,12.77,1.333,1156.48,73031,5.4736390912987565,True,False,0.4514700592410599,0.00730630079192713,0.6685293338966317,0.7463548557197845,0.4704532589707606,-0.2821340824110319
410,8.05,35.28,0.863,567.02,131065,18.937198067632853,True,False,0.15527443251806552,1.2081891244859457,0.18243734570378695,0.12842759302643988,2.7135473477577503,0.5723350301755321
411,10.31,,0.0,1.29,42083,,False,True,0.4463188309502253,,-0.7101102836800962,-0.46462365781925935,-0.7257295969374958,
413,6.62,21.93,0.377,253.89,107097,15.925925925925926,True,False,-0.028881978879274624,0.4959818523262323,-0.3202024548530696,-0.1998246442197974,1.7871511124466124,0.3812236725320009
414,12.12,2.49,0.396,18.74,50694,1.7836676217765046,True,False,0.6794119111104947,-0.541119973200721,-0.30055192767080563,-0.44633093102863935,-0.3929025783183283,-0.5163193117827473
415,1.95,0.45,0.222,44.31,28158,0.36824877250409166,False,True,-0.6302878818342244,-0.6499516462498458,-0.48050938712943336,-0.4195260585910375,-1.2639500398909167,-0.6061493255407738
416,8.96,0.09,0.488,75.5,36645,0.06048387096774193,True,False,0.27246487613455467,-0.669157235611456,-0.2054020065777382,-0.38682977500367716,-0.9359157921820705,-0.6256817242745194
417,14.71,4.17,0.044,9.75,83917,3.994252873563218,False,True,1.0129539429420409,-0.4514938895132065,-0.6646037996790639,-0.4557550922806551,0.8912121632430005,-0.3760238058387871
418,8.59,29.71,0.388,242.52,71230,21.404899135446687,True,False,0.2248160144443337,0.9110359779743651,-0.30882583385281154,-0.21174374471316984,0.4008421266361745,0.7289484743064786
419,1.56,0.0,0.372,20.48,82333,0.0,True,False,-0.6805123576698625,-0.6739586329518585,-0.3253736462168233,-0.44450689981857183,0.8299883800014767,-0.6295203526522352
420,18.69,17.97,0.079,38.32,31992,16.65430954587581,False,True,1.5255011578800923,0.2847203693485196,-0.6284054601327883,-0.42580533844638496,-1.1157606554540467,0.427450773884264
421,4.3,0.17,1.655,720.51,59271,0.064030131826742,True,False,-0.3276532197476865,-0.6648893268644315,1.001554057722368,0.2893302082179736,-0.061389706561668256,-0.6254566596853928
422,0.0,1.06,0.125,1.5,44500,0.9422222222222223,False,True,-0.8814102610124154,-0.6174088420537839,-0.5808304995862545,-0.4644035161214926,-0.6323092155645393,-0.5697219154413352
423,6.28,0.23,1.389,736.11,48712,0.09627459187944747,True,False,-0.07266741935136944,-0.6616883953041631,0.7264466771706729,0.3056835914806483,-0.4695096101268511,-0.6234102546289364
424,0.0,0.22,0.237,46.63,40956,0.17784963621665317,False,True,-0.8814102610124154,-0.6622218838975411,-0.46499581303817233,-0.41709401697761406,-0.769289700291787,-0.6182330681311802
425,15.49,14.8,0.682,256.81,42352,8.799048751486326,True,False,1.1134028946133172,0.11560448524767386,-0.004759781664095778,-0.19676362632704034,-0.7153323761723633,-0.07108588584414297
426,3.42,0.01,0.782,238.44,56651,0.005611672278338945,True,False,-0.4409802421460496,-0.6734251443584806,0.09866404561097757,-0.21602078341263858,-0.16265631773136038,-0.6291642060612611
427,9.11,0.01,0.824,640.95,86542,0.005482456140350878,True,False,0.29178198222518453,-0.6734251443584806,0.1421020530665083,0.20592795357833316,0.9926720313042378,-0.6291724068051323
428,1.35,1.33,3.184,2759.07,47163,0.3178776290630975,True,False,-0.7075563061967447,-0.6030046500325763,2.5829043767582403,2.4263400148819456,-0.5293805951275584,-0.609346146404533
429,7.36,2.19,4.237,3507.5,48791,0.41817834638151613,True,False,0.06641574450116712,-0.5571246310020629,3.6719572779647627,3.210914542784738,-0.46645615124043677,-0.6029805290317779
430,11.35,1.58,1.608,673.14,68974,0.6058282208588958,True,False,0.5802507665119271,-0.5896674351981247,0.9529448589030837,0.23967253096458283,0.31364461717097397,-0.5910712692288157
431,0.0,44.5,0.242,356.83,140852,35.829307568438004,False,True,-0.8814102610124154,1.7000656075805194,-0.4598246216744187,-0.09191328056212274,3.091828387268352,1.6443982075448582
432,5.67,36.29,0.519,693.27,93175,23.89071757735352,True,False,-0.15122365078659847,1.26207147241713,-0.1733406201224654,0.2607746851362264,1.2490466236281186,0.8867117434273
433,12.35,0.32,0.077,2.2,65357,0.29712163416898796,False,True,0.7090314737827942,-0.6568869979637606,-0.6304739366782898,-0.46366971046227007,0.1738425818271662,-0.6106634323145361
434,12.75,0.48,0.356,300.92,65108,0.35398230088495575,True,False,0.7605437566911412,-0.6483511804697115,-0.341921458580835,-0.15052338685802896,0.16421838862821453,-0.6070547517631845
435,4.03,0.12,2.508,2035.96,49692,0.03420752565564424,True,False,-0.3624240107108206,-0.6675567698313218,1.883759304378744,1.6683082859670326,-0.43163125938398916,-0.627349361004177
436,7.69,5.53,0.056,1.13,66750,5.236742424242424,False,True,0.10891337790055329,-0.37893944081379005,-0.652192940406055,-0.4647913848270817,0.22768395181166282,-0.2971688057876777
437,0.0,2.17,0.108,1.25,49432,1.9584837545126352,False,True,-0.8814102610124154,-0.5581916081888191,-0.598412550223017,-0.46466558957121495,-0.4416806177443403,-0.5052245495384237
438,15.12,15.65,3.822,2004.43,74689,3.2455412691829117,True,False,1.0657540329230963,0.16095101568480916,3.242748394773208,1.63525558248805,0.5345372442071535,-0.42354102927893694
439,11.36,13.02,2.012,1678.6,104457,4.322709163346613,True,False,0.5815385735846357,0.02064351562637869,1.37077712109438,1.293690013995917,1.6851114737107395,-0.3551782214767307
440,0.0,1.85,0.255,1.09,52813,1.4741035856573708,False,True,-0.8814102610124154,-0.575263243176917,-0.4463795241286591,-0.4648333165790373,-0.31100030768146664,-0.5359658931730309
441,10.86,10.24,2.239,1534.3,90633,3.1614695893794384,True,False,0.5171482199492021,-0.12766631333272263,1.6055492090087964,1.1424212188161769,1.1507948199665319,-0.4288766655517537
442,12.14,4.27,0.125,10.05,48931,3.795555555555555,False,True,0.6819875252559122,-0.44615900357942595,-0.5808304995862545,-0.45544060414098825,-0.46104495827717074,-0.388634195208327
443,2.91,0.91,0.227,47.58,107472,0.7416462917685411,False,True,-0.5066584028541918,-0.6254111709544549,-0.47533819576567965,-0.41609813786866917,1.8016453793125036,-0.582451531555636
444,6.99,10.41,1.445,1154.97,70196,4.257668711656441,True,False,0.018766882810946246,-0.11859700724529557,0.784364020444714,0.7447719320834616,0.3608766014646243,-0.3593060347195456
445,8.19,0.89,1.011,488.54,47795,0.44256588761810045,True,False,0.17330373153598677,-0.6264781481412109,0.33550461007089544,0.04615749568959994,-0.5049529240362434,-0.601432765861934
446,8.44,3.7,1.688,1347.25,62448,1.3764880952380953,True,False,0.20549890835370357,-0.4765678534019754,1.0356839207231423,0.946337863733915,0.061405722326160705,-0.5421610917546151
447,0.0,0.58,0.107,5.08,79219,0.5239385727190605,False,True,-0.8814102610124154,-0.6430162945359309,-0.5994467884957677,-0.4606506243214686,0.7096279879471175,-0.5962684221583692
448,8.23,23.95,1.011,577.23,58543,11.909497762307309,True,False,0.17845495982682158,0.603746548188601,0.33550461007089544,0.13913067271310067,-0.08952790997065141,0.12631976378339932
449,3.65,0.0,0.597,664.13,48482,0.0,True,False,-0.41136067947375016,-0.6739586329518585,-0.09267003484790821,0.23022740383658935,-0.478399427137931,-0.6295203526522352
450,1.93,1.43,0.426,358.96,47523,1.002805049088359,True,False,-0.6328634959796418,-0.5976697640987957,-0.2695247794882837,-0.08968041477048833,-0.515466098936303,-0.5658770067956134
451,5.51,0.48,0.437,223.45,60043,0.33402922755741127,True,False,-0.17182856394993723,-0.6483511804697115,-0.2581481584880256,-0.23173470745799069,-0.03155084250708722,-0.608321079997014
452,9.95,7.06,2.947,1726.06,53114,1.7887002786926778,True,False,0.39995777633271296,-0.2973156860269465,2.337789906116316,1.343442037691208,-0.29936624281044477,-0.5159999125884722
453,6.82,0.43,1.218,839.25,67131,0.19386834986474302,True,False,-0.0031258374251011646,-0.6510186234366019,0.5495919325302974,0.4138046138981008,0.2424101269474081,-0.6172164353032836
454,12.39,42.0,0.927,326.59,149083,21.79553710430721,True,False,0.714182702073629,1.5666934592360038,0.24862859515983396,-0.12361368504053816,3.4099678821300836,0.7537404389854757
455,0.0,0.0,0.106,3.93,39821,0.0,False,True,-0.8814102610124154,-0.6739586329518585,-0.6004810267685184,-0.4618561621901914,-0.8131590146725506,-0.6295203526522352
456,16.15,2.14,0.618,370.45,95758,1.3226205191594562,True,False,1.1983981614120893,-0.5597920739689531,-0.0709510311201428,-0.07763551902124914,1.3488831338003762,-0.5455798148433624
457,3.68,23.84,0.762,312.67,92941,13.530079455164586,True,False,-0.4074972582556241,0.5978781736614422,0.07797928015596288,-0.13820593472107853,1.2400022011038025,0.22917050357692975
458,8.65,0.12,2.519,4526.67,59173,0.0341005967604433,True,False,0.2325428568805858,-0.6675567698313218,1.895135925379002,4.279304133798846,-0.06517754163595445,-0.6273561472809968
459,0.0,60.92,0.235,5.15,44231,49.327935222672075,False,True,-0.8814102610124154,2.576053877907298,-0.4670642895836738,-0.4605772437555463,-0.642706436329672,2.5010929650843985
460,2.87,8.02,0.571,305.61,62989,5.105028644175684,True,False,-0.5118096311450265,-0.2461007810626525,-0.11956022993942732,-0.1456068889412377,0.08231611799135286,-0.3055280633188311
461,11.11,0.02,0.501,42.56,36395,0.013324450366422387,True,False,0.5493433967669189,-0.6728916557651025,-0.19195690903197862,-0.42136057273909394,-0.9455786367593312,-0.6286747121124409
462,0.0,47.55,0.038,0.7,42375,45.80924855491329,False,True,-0.8814102610124154,1.8627796285608282,-0.6708092293155683,-0.46524215116060413,-0.7144433944712553,2.2777783808979315
463,0.0,0.01,0.167,1.54,26750,0.00856898029134533,False,True,-0.8814102610124154,-0.6734251443584806,-0.5373924921307236,-0.464361584369537,-1.318371180550049,-0.6289765195544497
464,4.41,2.47,0.322,20.66,57989,1.8683812405446294,True,False,-0.3134873419478911,-0.5421869503874771,-0.37708555985435993,-0.4443182069347717,-0.11094077355386112,-0.5109429346465062
465,6.21,0.56,0.036,4.73,54671,0.5405405405405406,False,True,-0.08168206886033018,-0.6440832717226871,-0.6728777058610698,-0.46101752715107985,-0.2391860467832651,-0.5952147729162524
466,16.13,33.88,0.17,14.7,64125,28.95726495726496,False,True,1.1958225472666721,1.1335007214130173,-0.5342897773124714,-0.4505660379761526,0.12622408375042546,1.208261806913521
467,0.0,7.38,0.37,15.04,48000,5.3868613138686126,True,False,-0.8814102610124154,-0.2802440510388485,-0.32744212276232476,-0.45020961808453014,-0.4970293914828896,-0.28764146204247304
468,0.0,40.47,0.138,0.5,44643,35.562390158172235,False,True,-0.8814102610124154,1.48506970444916,-0.5673854020404949,-0.465451809920382,-0.6267820684663462,1.6274582080183886
469,20.41,2.86,0.09,2.24,40987,2.623853211009174,False,True,1.7470039743859838,-0.5213808952457327,-0.6170288391325301,-0.46362777871031446,-0.7680915075642067,-0.46299666239252385
470,14.7,2.11,1.247,641.6,107324,0.9390298175344904,True,False,1.011666135869332,-0.5613925397490874,0.5795848424400688,0.20660934454761123,1.795924975322765,-0.5699245224344297
471,13.97,16.38,0.125,58.23,61389,14.559999999999999,False,True,0.9176562195615992,0.19989568300140764,-0.5808304995862545,-0.404933808910497,0.020473912696884384,0.29453474311619937
472,4.85,1.66,0.411,33.78,74609,1.176470588235294,True,False,-0.25682383074870957,-0.5853995264511002,-0.28503835357954466,-0.4305645922933428,0.5314451339424301,-0.5548552673445077
473,25.24,30.92,0.263,118.94,40625,24.481393507521776,False,True,2.3690147905042718,0.9755880977731106,-0.43810561794665326,-0.3412918923799217,-0.7820833065120802,0.924199181835249
474,9.31,12.17,0.996,661.61,60302,6.097194388777555,True,False,0.31753812367935813,-0.024703014810756596,0.3199910359796345,0.2275857034633881,-0.021540135525045134,-0.242559944352743
475,11.9,42.66,1.244,225.16,43393,19.010695187165776,True,False,0.6510801555109041,1.6019037063989556,0.5764821276218165,-0.2299421250618898,-0.6750962913526497,0.5769995485703604
476,10.26,13.82,0.214,548.33,46342,11.383855024711698,False,True,0.43987979558668183,0.06332260309662373,-0.4887832933114392,0.10883498192519708,-0.5611133767192825,0.0929596779160302
477,4.28,0.15,1.351,160.3,46579,0.06380263717566993,True,False,-0.3302288338931038,-0.6659563040511877,0.687145622806145,-0.29793446085785613,-0.5519530000600394,-0.6254710977067928
478,0.0,2.3,0.046,2.8,31073,2.1988527724665388,False,True,-0.8814102610124154,-0.5512562564749043,-0.6625353231335624,-0.4630407341829364,-1.151281272120057,-0.48996945229219013
479,13.43,1.14,3.103,2843.96,59523,0.277845478917865,True,False,0.8481146376353308,-0.6131409333067595,2.49913107666543,2.515329675469667,-0.05164955922778947,-0.6118867997243318
480,0.0,1.94,0.043,98.28,83203,1.8600191754554172,False,True,-0.8814102610124154,-0.5704618458365145,-0.6656380379518146,-0.3629496422649766,0.863615079130344,-0.5114736358042558
481,22.34,0.76,0.268,23.16,63500,0.5993690851735016,False,True,1.9955507394187573,-0.6334134998551258,-0.43293442658289955,-0.4416974724375482,0.10206697230727373,-0.5914812003582353
482,8.09,2.53,0.379,33.5,106583,1.8346627991298041,True,False,0.16042566080890008,-0.5389860188272088,-0.3181339783075681,-0.4308581145570319,1.7672843039957644,-0.5130828864054855
483,13.1,33.28,0.035,2.03,54654,32.15458937198068,False,True,0.8056170042359446,1.1014914058103333,-0.6739119441338205,-0.46384792040808126,-0.23984312021451884,1.4111810320675653
484,8.83,0.14,0.515,232.9,45292,0.09240924092409242,True,False,0.2557233841893418,-0.6664897926445656,-0.17747757321346835,-0.22182833105848584,-0.6016973239437775,-0.6236555703739384
485,8.95,1.91,0.864,695.47,58328,1.0246781115879828,True,False,0.2711770690618458,-0.5720623116166487,0.18347158397653768,0.26308093149378314,-0.09783795630709562,-0.564488825829759
486,0.0,1.37,0.286,19.02,46607,1.0653188180404356,True,False,-0.8814102610124154,-0.600870695659064,-0.4143181376733864,-0.44603740876495035,-0.5508707614673862,-0.5619095502876562
487,3.72,0.84,0.204,27.52,44397,0.6976744186046512,False,True,-0.4023460299647894,-0.6291455911081013,-0.4991256760389466,-0.4371269114743905,-0.6362903075303707,-0.5852422206674202
488,15.31,1.84,0.613,278.63,72894,1.1407315561066336,True,False,1.0902223673045612,-0.5757967317702951,-0.07612222248389647,-0.17388985563527368,0.46515802014242175,-0.5571234565448046
489,12.45,48.71,0.008,3.1,45580,48.323412698412696,False,True,0.7219095445098809,1.9246643053926837,-0.7018363774980904,-0.46272624604326956,-0.5905657269907731,2.437340619112142
490,2.07,0.0,0.192,33.5,47969,0.0,False,True,-0.6148341969617203,-0.6739586329518585,-0.5115365353119553,-0.4308581145570319,-0.4982275842104699,-0.6295203526522352
491,3.55,0.06,0.133,28.87,35329,0.052956751985878195,False,True,-0.4242387502008369,-0.6707577013915902,-0.5725565934042486,-0.4357117148458898,-0.9867810060367709,-0.6261594353082863
492,11.25,2.39,2.961,2221.12,84048,0.6033829840949255,True,False,0.5673726957848404,-0.5464548591345016,2.3522692419348257,1.8624103657693933,0.8962754938014851,-0.5912264569686582
493,5.2,17.3,0.077,5.19,43121,16.06313834726091,False,True,-0.211750583203906,0.24897663359218947,-0.6304739366782898,-0.4605353120035907,-0.6856094662527094,0.3899319031046189
494,13.07,0.84,1.183,1268.22,61075,0.3847915712322492,True,False,0.8017535830178187,-0.6291455911081013,0.5133935929840218,0.8634912048076859,0.008337379907844946,-0.6050994314842474
495,6.45,0.01,0.315,59.3,39150,0.007604562737642586,True,False,-0.050774699115322036,-0.6734251443584806,-0.3843252277636151,-0.4038121345456854,-0.8390940895179183,-0.6290377266255313
496,7.91,1.39,0.213,26.91,33239,1.145919208573784,False,True,0.13724513350014403,-0.5998037184723078,-0.48981753158418995,-0.437766370691713,-1.0675623867026702,-0.556794220507899
497,4.61,4.77,0.38,133.25,34541,3.4565217391304346,True,False,-0.28773120049371764,-0.4194845739105228,-0.3170997400348174,-0.3262908081178144,-1.0172382921442966,-0.41015108571007514
498,10.0,40.97,0.025,1.07,74688,39.97073170731708,False,True,0.4063968116962564,1.5117441341180633,-0.6842543268613278,-0.4648542824550151,0.5344985928288445,1.9072350261760127
499,2.28,0.0,0.334,20.68,41298,0.0,True,False,-0.5877902484348383,-0.6739586329518585,-0.36467470058135115,-0.4442972410587939,-0.7560709289100944,-0.6295203526522352
500,0.0,0.08,0.358,10.81,37014,0.05891016200294551,True,False,-0.8814102610124154,-0.6696907242048341,-0.33985298203533354,-0.45464390085383233,-0.9216534335860338,-0.6257816002215095
501,0.0,0.73,0.014,1.41,83611,0.7199211045364892,False,True,-0.8814102610124154,-0.63501396563526,-0.695630947861586,-0.46449786256339265,0.8793848414804334,-0.5838303275699425
502,0.0,50.13,0.086,9.34,39323,46.16022099447514,False,True,-0.8814102610124154,2.0004196856523686,-0.6211657922235332,-0.45618489273819973,-0.832407401070454,2.300052959967396
503,0.0,58.83,0.047,0.87,33750,56.18911174785101,False,True,-0.8814102610124154,2.4645547618912826,-0.6615010848608117,-0.46506394121479294,-1.0478115323867494,2.9365397460636813
504,4.6,0.0,0.776,464.26,44361,0.0,True,False,-0.2890190075664264,-0.6739586329518585,0.09245861597447316,0.02070492225256532,-0.6376817571494964,-0.6295203526522352
505,51.64,49.1,0.059,3.13,53571,46.364494806421156,False,True,5.768825462455165,1.9454703605344281,-0.6490902255878029,-0.4626947972293029,-0.28170256292321216,2.3130172633232178
506,7.19,14.73,0.186,108.29,86528,12.419898819561553,False,True,0.044523024265119705,0.11187006509402742,-0.5177419649484598,-0.35245622133809373,0.9921309120079113,0.15871253149228534
507,14.93,53.84,0.157,2.27,33929,46.534140017286084,False,True,1.0412856985416317,2.19834395379563,-0.547734874858231,-0.4635963298963478,-1.0408929356694308,2.3237838513433036
508,12.12,1.17,0.29,20.2,62500,0.9069767441860465,True,False,0.6794119111104947,-0.6115404675266253,-0.41018118458238345,-0.4448004220822609,0.06341559399823093,-0.5719587810719755
509,7.81,4.9,2.374,2271.09,103493,1.4522821576763485,True,False,0.12436706277305726,-0.41254922219660795,1.7451713758301457,1.914793606899897,1.6478515450208222,-0.5373507971375094
510,2.08,57.89,0.447,152.73,64315,40.00691085003455,True,False,-0.6135463898890116,2.414406834113745,-0.24780577576051824,-0.30587004491544895,0.1335678456291436,1.909531147136769
511,0.0,6.27,0.203,3.14,65833,5.211970074812967,False,True,-0.8814102610124154,-0.33946128490381344,-0.5001599143116973,-0.462684314291314,0.19224063790227056,-0.29874099093358736
512,8.57,8.49,0.023,3.2,36736,8.299120234604107,False,True,0.2222404002989164,-0.22102681717388356,-0.6863228034068293,-0.46262141666338064,-0.9323985167559476,-0.10281401040080304
513,0.0,0.65,3.577,780.24,57820,0.14201441992571553,True,False,-0.8814102610124154,-0.6392818743822845,2.9893600179492785,0.3519447968256374,-0.11747285648808935,-0.6205073616903564
514,8.68,50.17,0.147,19.03,50081,43.74019180470793,False,True,0.2364062780987117,2.002553640025881,-0.5580772575857383,-0.4460269258269614,-0.41659587322177155,2.146465026951411
515,0.0,0.69,0.377,45.15,57344,0.5010893246187363,True,False,-0.8814102610124154,-0.6371479200087723,-0.3202024548530696,-0.4186454917999704,-0.13587091256319372,-0.5977185570582032
516,0.0,0.16,0.165,7.06,71827,0.13733905579399142,False,True,-0.8814102610124154,-0.6654228154578096,-0.5394609686762251,-0.45857500259966755,0.42391699948667305,-0.6208040851828353
517,9.17,0.79,1.163,866.81,47105,0.3652334720295885,True,False,0.29950882466143663,-0.6318130340749916,0.49270882752900713,0.44269559099549255,-0.531622375069483,-0.6063406925578575
518,0.0,0.01,0.233,47.23,26231,0.008110300081103,False,True,-0.8814102610124154,-0.6734251443584806,-0.46913276612917526,-0.4164650406982804,-1.3384312458924421,-0.6290056298419223
519,0.0,10.8,0.243,1.34,90764,8.688656476267097,False,True,-0.8814102610124154,-0.09779095210355111,-0.45879038340166794,-0.46457124312931497,1.1558581505250165,-0.0780919671937172
520,13.22,13.43,2.079,1361.45,74148,4.361805781097758,True,False,0.8210706891084488,0.04251654795487926,1.4400710853686793,0.9612236356781445,0.5136268485419614,-0.3526969420220428
521,3.59,0.03,0.278,79.35,38073,0.023474178403755867,False,True,-0.4190875219100022,-0.6723581671717244,-0.42259204385539223,-0.382793843877953,-0.8807216239567575,-0.6280305563491467
522,3.21,0.0,0.74,134.04,40000,0.0,True,False,-0.4680241906729317,-0.6739586329518585,0.055226038155446716,-0.3254626560166917,-0.8062404179552319,-0.6295203526522352
523,7.73,17.18,0.161,68.44,129338,14.797588285960378,False,True,0.11406460619138799,0.24257477047165266,-0.5435979217672281,-0.3942307292238363,2.6467964174180336,0.3096133603096456
524,3.8,0.05,0.609,309.47,100267,0.031075201988812928,True,False,-0.39204357338312007,-0.6712911899849682,-0.08025917557489941,-0.1415604748775246,1.5231621985958501,-0.6275481549359031
525,0.0,0.0,0.192,7.43,39141,0.0,False,True,-0.8814102610124154,-0.6739586329518585,-0.5115365353119553,-0.4581871338940785,-0.8394419519226998,-0.6295203526522352
526,8.56,0.64,0.287,67.12,33568,0.49728049728049734,True,False,0.22095259322620775,-0.6398153629756625,-0.41328389940063565,-0.39561447703837027,-1.0548460832389952,-0.5979602855136154
527,33.02,17.9,0.075,6.13,27282,16.651162790697672,False,True,3.3709286930716194,0.2809859491948731,-0.6325424132237912,-0.4595499158326347,-1.2978086472896382,0.42725106405201846
528,4.37,0.0,2.107,425.84,28571,0.0,True,False,-0.31863857023872577,-0.6739586329518585,1.4690297570056998,-0.01957052550076538,-1.247987020649282,-0.6295203526522352
529,3.17,0.0,0.175,46.46,36190,0.0,False,True,-0.4731754189637664,-0.6739586329518585,-0.5291185859487177,-0.4172722269234253,-0.953502169312685,-0.6295203526522352
530,0.0,17.29,0.08,5.6,67813,16.009259259259256,False,True,-0.8814102610124154,0.24844314499881132,-0.6273712218600376,-0.46010551154604606,0.2687703669541753,0.38651244940796475
531,23.86,0.34,3.292,3214.44,58914,0.07921714818266544,True,False,2.1912974144704753,-0.6558200207770044,2.6946021102153193,2.903701562082211,-0.07518824861799653,-0.6244928107943756
532,3.91,0.04,0.09,1.46,28494,0.03669724770642201,False,True,-0.3778776955833247,-0.6718246785783464,-0.6170288391325301,-0.4644454478734482,-1.2509631767790783,-0.6271913499912601
533,12.05,0.07,0.232,5.27,37596,0.05681818181818182,False,True,0.6703972616015342,-0.6702242127982121,-0.470167004401926,-0.4604514484996796,-0.8991583314101709,-0.6259143684186234
534,10.5,0.44,0.473,75.53,78728,0.29871011541072645,True,False,0.47078716533169,-0.6504851348432239,-0.2209155806689992,-0.38679832618971044,0.6906501611973774,-0.6105626188402257
535,11.55,12.52,0.09,32.48,54567,11.486238532110091,False,True,0.6060069079661007,-0.00603091404252443,-0.6170288391325301,-0.43192737423189903,-0.24320579012740556,0.09945748023293477
536,0.0,47.5,0.022,1.03,40750,46.477495107632095,False,True,-0.8814102610124154,1.860112185593938,-0.68735704167958,-0.46489621420697064,-0.7772518842234498,2.320188863883474
537,18.2,2.18,2.335,1708.16,58293,0.653673163418291,True,False,1.4623986113173673,-0.557658119595441,1.7048360831928668,1.3246775786910878,-0.09919075454791211,-0.5880347745187362
538,0.0,3.61,0.07,2.78,32115,3.373831775700934,False,True,-0.8814102610124154,-0.4813692507423781,-0.6377136045875448,-0.4630617000589142,-1.1110065359220345,-0.4153990309075982
539,0.0,1.74,0.132,0.62,56667,1.537102473498233,False,True,-0.8814102610124154,-0.5811316177040757,-0.5735908316769993,-0.4653260146645153,-0.1620378956784157,-0.5319676484383404
540,5.65,1.72,0.168,109.52,84712,1.4726027397260275,False,True,-0.15379926493201576,-0.5821985948908318,-0.5363582538579729,-0.35116681996545984,0.9219400089986894,-0.5360611448441037
541,17.31,0.0,0.329,40.85,49737,0.0,True,False,1.3477837818462952,-0.6739586329518585,-0.3698458919451048,-0.42315315513519475,-0.42989194736008224,-0.6295203526522352
542,0.0,0.22,0.264,2.37,44769,0.17405063291139242,False,True,-0.8814102610124154,-0.6622218838975411,-0.43707137967390247,-0.4634915005164588,-0.6219119947994068,-0.6184741731011711
543,8.18,0.55,0.463,443.06,29874,0.3759398496240602,True,False,0.17201592446327812,-0.6446167603160651,-0.23125796339650648,-0.001518906283889912,-1.1976242747125994,-0.6056612088508937
544,14.43,1.26,4.995,1133.03,79747,0.21017514595496248,True,False,0.976895344906198,-0.6067390701862228,4.455909888709819,0.7217723661358281,0.730035915694292,-0.6161815192302875
545,1.94,1.23,0.108,24.13,34115,1.1101083032490973,False,True,-0.631575688906933,-0.6083395359663568,-0.598412550223017,-0.44068062745262554,-1.0337037793039487,-0.5590669711637614
546,0.0,53.66,1.043,112.93,197250,26.26529613313754,True,False,-0.8814102610124154,2.1887411591148243,0.36860023479891896,-0.34759213811124695,5.271688821141748,1.0374151372991869
547,2.64,0.01,0.162,56.66,26469,0.008605851979345956,False,True,-0.5414291938173259,-0.6734251443584806,-0.5425636834944774,-0.4065796301747534,-1.32923221785489,-0.6289741794808791
548,10.86,0.41,1.86,1142.32,66894,0.14335664335664333,True,False,0.5171482199492021,-0.652085600623358,1.2135729036362686,0.7315110155275106,0.23324975028816497,-0.62042217704743
549,7.5,8.27,0.226,22.32,35133,6.745513866231647,False,True,0.08444504351908848,-0.23276356622820096,-0.47637243403843044,-0.4425780392286153,-0.9943566761853433,-0.20141413962558763
